Timestamp,accelX(g),accelY(g),accelZ(g),accelUserX(g),accelUserY(g),accelUserZ(g),gyroX(rad/s),gyroY(rad/s),gyroZ(rad/s),Roll(rads),Pitch(rads),Yaw(rads)
17-Jan-2019 10:28:27.454,-0.0085,-0.0112,-0.9871,-0.0021, 0.0115, 0.0138,-0.0126,-0.0224,-0.0118,-0.0067, 0.0191,-1.6063
17-Jan-2019 10:28:27.493,-0.0061,-0.0050,-0.9843, 0.0053, 0.0130, 0.0138,-0.0115,-0.0149,-0.0107,-0.0065, 0.0192,-1.6064
17-Jan-2019 10:28:27.533,-0.0015,-0.0048,-0.9854, 0.0049, 0.0131, 0.0118,-0.0115,-0.0160,-0.0118,-0.0065, 0.0191,-1.6064
17-Jan-2019 10:28:27.573,-0.0025,-0.0069,-0.9856, 0.0057, 0.0161, 0.0138,-0.0062,-0.0117,-0.0118,-0.0065, 0.0192,-1.6064
17-Jan-2019 10:28:27.613,-0.0018,-0.0046,-0.9885, 0.0040, 0.0154, 0.0152,-0.0137,-0.0160,-0.0107,-0.0065, 0.0191,-1.6064
17-Jan-2019 10:28:27.653,-0.0047,-0.0044,-0.9845, 0.0027, 0.0156, 0.0116,-0.0052,-0.0127,-0.0128,-0.0065, 0.0192,-1.6064
17-Jan-2019 10:28:27.693,-0.0067,-0.0053,-0.9847, 0.0005, 0.0155, 0.0145,-0.0115,-0.0170,-0.0118,-0.0065, 0.0191,-1.6064
17-Jan-2019 10:28:27.732,-0.0069,-0.0035,-0.9869,-0.0002, 0.0129, 0.0153,-0.0115,-0.0160,-0.0107,-0.0065, 0.0191,-1.6064
17-Jan-2019 10:28:27.772,-0.0056,-0.0028,-0.9864, 0.0032, 0.0123, 0.0138,-0.0126,-0.0149,-0.0129,-0.0065, 0.0191,-1.6063
17-Jan-2019 10:28:27.812,-0.0053,-0.0055,-0.9859, 0.0017, 0.0137, 0.0140,-0.0094,-0.0128,-0.0107,-0.0065, 0.0191,-1.6063
17-Jan-2019 10:28:27.851,-0.0039,-0.0067,-0.9862, 0.0035, 0.0155, 0.0161,-0.0105,-0.0138,-0.0118,-0.0065, 0.0190,-1.6063
17-Jan-2019 10:28:27.891,-0.0020,-0.0038,-0.9849, 0.0056, 0.0121, 0.0133,-0.0094,-0.0138,-0.0118,-0.0065, 0.0190,-1.6063
17-Jan-2019 10:28:27.931,-0.0033,-0.0080,-0.9872, 0.0031, 0.0169, 0.0145,-0.0094,-0.0159,-0.0129,-0.0066, 0.0190,-1.6063
17-Jan-2019 10:28:27.970,-0.0028,-0.0023,-0.9858, 0.0010, 0.0108, 0.0149,-0.0094,-0.0138,-0.0107,-0.0065, 0.0190,-1.6063
17-Jan-2019 10:28:28.010,-0.0046,-0.0072,-0.9863, 0.0024, 0.0154, 0.0148,-0.0084,-0.0138,-0.0129,-0.0066, 0.0190,-1.6064
17-Jan-2019 10:28:28.050,-0.0024,-0.0040,-0.9860, 0.0001, 0.0109, 0.0118,-0.0116,-0.0138,-0.0107,-0.0066, 0.0190,-1.6064
17-Jan-2019 10:28:28.090,-0.0059,-0.0058,-0.9848, 0.0004, 0.0146, 0.0159,-0.0126,-0.0138,-0.0118,-0.0066, 0.0190,-1.6064
17-Jan-2019 10:28:28.129,-0.0061,-0.0044,-0.9861, 0.0055, 0.0136, 0.0144,-0.0094,-0.0138,-0.0107,-0.0066, 0.0190,-1.6064
17-Jan-2019 10:28:28.170,-0.0043,-0.0049,-0.9829, 0.0038, 0.0137, 0.0128,-0.0126,-0.0160,-0.0107,-0.0066, 0.0189,-1.6064
17-Jan-2019 10:28:28.209,-0.0032,-0.0093,-0.9889, 0.0042, 0.0145, 0.0163,-0.0094,-0.0128,-0.0118,-0.0066, 0.0189,-1.6064
17-Jan-2019 10:28:28.249,-0.0018,-0.0032,-0.9837, 0.0022, 0.0115, 0.0121,-0.0094,-0.0138,-0.0107,-0.0066, 0.0189,-1.6064
17-Jan-2019 10:28:28.288,-0.0019,-0.0087,-0.9865, 0.0009, 0.0162, 0.0154,-0.0105,-0.0138,-0.0139,-0.0066, 0.0189,-1.6064
17-Jan-2019 10:28:28.328,-0.0045,-0.0026,-0.9849, 0.0009, 0.0126, 0.0131,-0.0094,-0.0149,-0.0118,-0.0066, 0.0189,-1.6064
17-Jan-2019 10:28:28.368,-0.0046,-0.0072,-0.9851, 0.0021, 0.0171, 0.0145,-0.0105,-0.0149,-0.0118,-0.0066, 0.0189,-1.6064
17-Jan-2019 10:28:28.408,-0.0066,-0.0036,-0.9865, 0.0040, 0.0122, 0.0134,-0.0105,-0.0128,-0.0118,-0.0066, 0.0189,-1.6064
17-Jan-2019 10:28:28.447,-0.0056,-0.0057,-0.9844, 0.0038, 0.0151, 0.0150,-0.0105,-0.0149,-0.0118,-0.0066, 0.0188,-1.6064
17-Jan-2019 10:28:28.487,-0.0020,-0.0049,-0.9881, 0.0069, 0.0110, 0.0124,-0.0105,-0.0149,-0.0129,-0.0066, 0.0188,-1.6064
17-Jan-2019 10:28:28.527,-0.0024,-0.0040,-0.9844, 0.0018, 0.0158, 0.0155,-0.0094,-0.0160,-0.0118,-0.0066, 0.0188,-1.6064
17-Jan-2019 10:28:28.567,-0.0023,-0.0033,-0.9874, 0.0021, 0.0137, 0.0144,-0.0115,-0.0170,-0.0118,-0.0066, 0.0188,-1.6064
17-Jan-2019 10:28:28.608,-0.0032,-0.0043,-0.9852, 0.0033, 0.0174, 0.0136,-0.0084,-0.0128,-0.0118,-0.0066, 0.0188,-1.6064
17-Jan-2019 10:28:28.646,-0.0043,-0.0049,-0.9867, 0.0021, 0.0149, 0.0133,-0.0115,-0.0149,-0.0118,-0.0066, 0.0188,-1.6064
17-Jan-2019 10:28:28.686,-0.0075,-0.0057,-0.9860, 0.0042, 0.0174, 0.0152,-0.0084,-0.0138,-0.0118,-0.0066, 0.0188,-1.6064
17-Jan-2019 10:28:28.725,-0.0028,-0.0047,-0.9861, 0.0028, 0.0121, 0.0154,-0.0115,-0.0149,-0.0107,-0.0066, 0.0187,-1.6064
17-Jan-2019 10:28:28.765,-0.0032,-0.0055,-0.9846, 0.0002, 0.0153, 0.0145,-0.0094,-0.0128,-0.0129,-0.0066, 0.0187,-1.6064
17-Jan-2019 10:28:28.806,-0.0035,-0.0046,-0.9884, 0.0010, 0.0131, 0.0146,-0.0084,-0.0138,-0.0118,-0.0065, 0.0187,-1.6064
17-Jan-2019 10:28:28.845,-0.0044,-0.0063,-0.9817, 0.0038, 0.0127, 0.0147,-0.0105,-0.0138,-0.0118,-0.0065, 0.0187,-1.6063
17-Jan-2019 10:28:28.884,-0.0027,-0.0057,-0.9885, 0.0041, 0.0136, 0.0167,-0.0094,-0.0170,-0.0118,-0.0066, 0.0187,-1.6063
17-Jan-2019 10:28:28.924,-0.0041,-0.0075,-0.9837, 0.0007, 0.0121, 0.0140,-0.0094,-0.0138,-0.0118,-0.0065, 0.0187,-1.6063
17-Jan-2019 10:28:28.965,-0.0048,-0.0070,-0.9893,-0.0033, 0.0132, 0.0159,-0.0094,-0.0127,-0.0139,-0.0065, 0.0187,-1.6063
17-Jan-2019 10:28:29.004,-0.0060,-0.0060,-0.9851,-0.0026, 0.0119, 0.0136,-0.0105,-0.0149,-0.0118,-0.0066, 0.0186,-1.6063
17-Jan-2019 10:28:29.043,-0.0057,-0.0045,-0.9850, 0.0011, 0.0129, 0.0144,-0.0094,-0.0149,-0.0118,-0.0065, 0.0186,-1.6063
17-Jan-2019 10:28:29.084,-0.0037,-0.0060,-0.9871, 0.0031, 0.0133, 0.0162,-0.0116,-0.0117,-0.0129,-0.0065, 0.0186,-1.6063
17-Jan-2019 10:28:29.123,-0.0028,-0.0076,-0.9864, 0.0046, 0.0131, 0.0142,-0.0115,-0.0160,-0.0118,-0.0065, 0.0185,-1.6063
17-Jan-2019 10:28:29.162,-0.0031,-0.0085,-0.9853, 0.0039, 0.0156, 0.0150,-0.0084,-0.0138,-0.0129,-0.0065, 0.0185,-1.6063
17-Jan-2019 10:28:29.202,-0.0035,-0.0067,-0.9855, 0.0031, 0.0136, 0.0124,-0.0094,-0.0149,-0.0118,-0.0065, 0.0185,-1.6063
17-Jan-2019 10:28:29.242,-0.0016,-0.0078,-0.9864, 0.0020, 0.0143, 0.0130,-0.0094,-0.0159,-0.0129,-0.0065, 0.0185,-1.6063
17-Jan-2019 10:28:29.282,-0.0030,-0.0060,-0.9854, 0.0025, 0.0112, 0.0150,-0.0094,-0.0138,-0.0129,-0.0065, 0.0185,-1.6063
17-Jan-2019 10:28:29.322,-0.0024,-0.0053,-0.9883, 0.0031, 0.0142, 0.0151,-0.0105,-0.0160,-0.0118,-0.0065, 0.0185,-1.6063
17-Jan-2019 10:28:29.361,-0.0050,-0.0045,-0.9852, 0.0042, 0.0132, 0.0120,-0.0084,-0.0128,-0.0107,-0.0064, 0.0185,-1.6062
17-Jan-2019 10:28:29.401,-0.0039,-0.0040,-0.9882, 0.0032, 0.0163, 0.0126,-0.0094,-0.0160,-0.0107,-0.0064, 0.0185,-1.6062
17-Jan-2019 10:28:29.441,-0.0050,-0.0043,-0.9859, 0.0031, 0.0142, 0.0132,-0.0094,-0.0149,-0.0129,-0.0064, 0.0185,-1.6062
17-Jan-2019 10:28:29.480,-0.0059,-0.0051,-0.9861, 0.0034, 0.0151, 0.0148,-0.0083,-0.0149,-0.0129,-0.0064, 0.0184,-1.6063
17-Jan-2019 10:28:29.521,-0.0049,-0.0042,-0.9873, 0.0033, 0.0130, 0.0140,-0.0116,-0.0138,-0.0118,-0.0064, 0.0184,-1.6063
17-Jan-2019 10:28:29.560,-0.0048,-0.0043,-0.9857, 0.0010, 0.0147, 0.0142,-0.0116,-0.0128,-0.0129,-0.0064, 0.0184,-1.6063
17-Jan-2019 10:28:29.600,-0.0036,-0.0043,-0.9857, 0.0009, 0.0138, 0.0124,-0.0094,-0.0149,-0.0118,-0.0064, 0.0184,-1.6062
17-Jan-2019 10:28:29.640,-0.0040,-0.0050,-0.9871, 0.0019, 0.0135, 0.0128,-0.0105,-0.0181,-0.0129,-0.0064, 0.0184,-1.6063
17-Jan-2019 10:28:29.679,-0.0050,-0.0045,-0.9853, 0.0015, 0.0128, 0.0151,-0.0084,-0.0127,-0.0128,-0.0064, 0.0184,-1.6062
17-Jan-2019 10:28:29.719,-0.0052,-0.0061,-0.9869, 0.0027, 0.0115, 0.0142,-0.0094,-0.0138,-0.0118,-0.0064, 0.0184,-1.6063
17-Jan-2019 10:28:29.758,-0.0043,-0.0052,-0.9852, 0.0030, 0.0113, 0.0144,-0.0105,-0.0160,-0.0118,-0.0064, 0.0183,-1.6063
17-Jan-2019 10:28:29.799,-0.0034,-0.0052,-0.9852, 0.0026, 0.0113, 0.0134,-0.0094,-0.0149,-0.0129,-0.0064, 0.0183,-1.6063
17-Jan-2019 10:28:29.838,-0.0042,-0.0052,-0.9859, 0.0024, 0.0126, 0.0134,-0.0105,-0.0149,-0.0129,-0.0064, 0.0183,-1.6063
17-Jan-2019 10:28:29.878,-0.0035,-0.0051,-0.9863, 0.0028, 0.0130, 0.0139,-0.0115,-0.0160,-0.0107,-0.0064, 0.0183,-1.6063
17-Jan-2019 10:28:29.917,-0.0039,-0.0054,-0.9862, 0.0029, 0.0124, 0.0140,-0.0094,-0.0138,-0.0118,-0.0064, 0.0183,-1.6063
17-Jan-2019 10:28:29.957,-0.0044,-0.0051,-0.9856, 0.0030, 0.0139, 0.0140,-0.0094,-0.0149,-0.0129,-0.0064, 0.0183,-1.6063
17-Jan-2019 10:28:29.997,-0.0022,-0.0060,-0.9871, 0.0018, 0.0128, 0.0137,-0.0094,-0.0160,-0.0107,-0.0063, 0.0183,-1.6063
17-Jan-2019 10:28:30.037,-0.0034,-0.0056,-0.9853, 0.0029, 0.0127, 0.0129,-0.0094,-0.0138,-0.0118,-0.0063, 0.0182,-1.6063
17-Jan-2019 10:28:30.077,-0.0033,-0.0054,-0.9851, 0.0023, 0.0136, 0.0136,-0.0084,-0.0128,-0.0118,-0.0063, 0.0182,-1.6062
17-Jan-2019 10:28:30.116,-0.0042,-0.0064,-0.9858, 0.0032, 0.0125, 0.0142,-0.0105,-0.0138,-0.0129,-0.0063, 0.0182,-1.6062
17-Jan-2019 10:28:30.156,-0.0044,-0.0060,-0.9863, 0.0012, 0.0123, 0.0145,-0.0105,-0.0149,-0.0107,-0.0063, 0.0182,-1.6063
17-Jan-2019 10:28:30.196,-0.0044,-0.0060,-0.9865, 0.0012, 0.0127, 0.0138,-0.0105,-0.0160,-0.0129,-0.0063, 0.0182,-1.6063
17-Jan-2019 10:28:30.235,-0.0029,-0.0047,-0.9861, 0.0023, 0.0123, 0.0139,-0.0094,-0.0138,-0.0107,-0.0063, 0.0182,-1.6063
17-Jan-2019 10:28:30.275,-0.0043,-0.0056,-0.9853, 0.0021, 0.0142, 0.0130,-0.0084,-0.0138,-0.0118,-0.0063, 0.0182,-1.6062
17-Jan-2019 10:28:30.315,-0.0043,-0.0050,-0.9873, 0.0024, 0.0148, 0.0137,-0.0116,-0.0138,-0.0118,-0.0063, 0.0182,-1.6063
17-Jan-2019 10:28:30.354,-0.0043,-0.0057,-0.9871, 0.0024, 0.0136, 0.0131,-0.0105,-0.0128,-0.0118,-0.0063, 0.0181,-1.6063
17-Jan-2019 10:28:30.394,-0.0047,-0.0038,-0.9866, 0.0018, 0.0140, 0.0128,-0.0094,-0.0149,-0.0129,-0.0063, 0.0181,-1.6063
17-Jan-2019 10:28:30.434,-0.0051,-0.0050,-0.9865, 0.0029, 0.0145, 0.0128,-0.0094,-0.0138,-0.0118,-0.0063, 0.0181,-1.6063
17-Jan-2019 10:28:30.473,-0.0034,-0.0044,-0.9861, 0.0022, 0.0139, 0.0131,-0.0116,-0.0138,-0.0118,-0.0063, 0.0181,-1.6063
17-Jan-2019 10:28:30.513,-0.0045,-0.0048,-0.9860, 0.0017, 0.0126, 0.0136,-0.0116,-0.0138,-0.0118,-0.0063, 0.0181,-1.6063
17-Jan-2019 10:28:30.553,-0.0043,-0.0047,-0.9866, 0.0018, 0.0131, 0.0143,-0.0105,-0.0138,-0.0129,-0.0062, 0.0181,-1.6063
17-Jan-2019 10:28:30.593,-0.0047,-0.0035,-0.9853, 0.0030, 0.0138, 0.0120,-0.0084,-0.0149,-0.0118,-0.0062, 0.0180,-1.6063
17-Jan-2019 10:28:30.632,-0.0047,-0.0060,-0.9861, 0.0025, 0.0112, 0.0140,-0.0105,-0.0149,-0.0118,-0.0062, 0.0180,-1.6063
17-Jan-2019 10:28:30.672,-0.0027,-0.0047,-0.9865, 0.0038, 0.0114, 0.0142,-0.0094,-0.0149,-0.0129,-0.0062, 0.0180,-1.6063
17-Jan-2019 10:28:30.712,-0.0042,-0.0037,-0.9889, 0.0022, 0.0120, 0.0142,-0.0094,-0.0160,-0.0118,-0.0062, 0.0180,-1.6063
17-Jan-2019 10:28:30.752,-0.0034,-0.0049,-0.9845, 0.0016, 0.0141, 0.0127,-0.0105,-0.0128,-0.0118,-0.0062, 0.0179,-1.6063
17-Jan-2019 10:28:30.793,-0.0032,-0.0052,-0.9861, 0.0025, 0.0125, 0.0137,-0.0105,-0.0149,-0.0107,-0.0062, 0.0179,-1.6063
17-Jan-2019 10:28:30.831,-0.0039,-0.0048,-0.9861, 0.0014, 0.0122, 0.0135,-0.0105,-0.0138,-0.0118,-0.0062, 0.0179,-1.6063
17-Jan-2019 10:28:30.871,-0.0032,-0.0059,-0.9871, 0.0013, 0.0135, 0.0136,-0.0105,-0.0138,-0.0107,-0.0062, 0.0179,-1.6063
17-Jan-2019 10:28:30.911,-0.0045,-0.0054,-0.9865, 0.0019, 0.0116, 0.0130,-0.0116,-0.0138,-0.0118,-0.0061, 0.0178,-1.6063
17-Jan-2019 10:28:30.950,-0.0043,-0.0060,-0.9863, 0.0022, 0.0129, 0.0130,-0.0105,-0.0128,-0.0107,-0.0061, 0.0178,-1.6063
17-Jan-2019 10:28:30.991,-0.0039,-0.0047,-0.9840, 0.0019, 0.0120, 0.0114,-0.0094,-0.0128,-0.0118,-0.0061, 0.0178,-1.6063
17-Jan-2019 10:28:31.030,-0.0030,-0.0061,-0.9874, 0.0021, 0.0126, 0.0139,-0.0105,-0.0138,-0.0118,-0.0061, 0.0178,-1.6063
17-Jan-2019 10:28:31.070,-0.0040,-0.0053,-0.9867, 0.0017, 0.0123, 0.0134,-0.0115,-0.0149,-0.0118,-0.0061, 0.0178,-1.6063
17-Jan-2019 10:28:31.109,-0.0036,-0.0058,-0.9868, 0.0007, 0.0133, 0.0127,-0.0094,-0.0138,-0.0118,-0.0061, 0.0177,-1.6063
17-Jan-2019 10:28:31.149,-0.0035,-0.0051,-0.9859, 0.0021, 0.0133, 0.0120,-0.0094,-0.0138,-0.0118,-0.0061, 0.0177,-1.6063
17-Jan-2019 10:28:31.189,-0.0045,-0.0042,-0.9869, 0.0018, 0.0126, 0.0147,-0.0105,-0.0138,-0.0118,-0.0061, 0.0177,-1.6063
17-Jan-2019 10:28:31.229,-0.0045,-0.0044,-0.9877, 0.0007, 0.0125, 0.0140,-0.0126,-0.0149,-0.0118,-0.0061, 0.0176,-1.6063
17-Jan-2019 10:28:31.269,-0.0042,-0.0052,-0.9859, 0.0032, 0.0136, 0.0128,-0.0105,-0.0138,-0.0107,-0.0060, 0.0176,-1.6063
17-Jan-2019 10:28:31.308,-0.0048,-0.0052,-0.9859, 0.0028, 0.0122, 0.0125,-0.0105,-0.0106,-0.0129,-0.0060, 0.0176,-1.6063
17-Jan-2019 10:28:31.348,-0.0031,-0.0048,-0.9873, 0.0029, 0.0132, 0.0146,-0.0115,-0.0170,-0.0129,-0.0060, 0.0176,-1.6063
17-Jan-2019 10:28:31.388,-0.0036,-0.0048,-0.9869, 0.0026, 0.0132, 0.0132,-0.0105,-0.0138,-0.0118,-0.0060, 0.0175,-1.6063
17-Jan-2019 10:28:31.427,-0.0037,-0.0045,-0.9859, 0.0018, 0.0142, 0.0129,-0.0084,-0.0106,-0.0118,-0.0059, 0.0175,-1.6063
17-Jan-2019 10:28:31.467,-0.0038,-0.0058,-0.9883, 0.0014, 0.0117, 0.0139,-0.0115,-0.0170,-0.0129,-0.0059, 0.0175,-1.6063
17-Jan-2019 10:28:31.507,-0.0042,-0.0054,-0.9869, 0.0011, 0.0123, 0.0132,-0.0094,-0.0117,-0.0129,-0.0059, 0.0175,-1.6063
17-Jan-2019 10:28:31.546,-0.0050,-0.0043,-0.9874, 0.0010, 0.0118, 0.0125,-0.0094,-0.0117,-0.0107,-0.0059, 0.0175,-1.6063
17-Jan-2019 10:28:31.586,-0.0033,-0.0044,-0.9881, 0.0020, 0.0123, 0.0134,-0.0105,-0.0170,-0.0107,-0.0059, 0.0175,-1.6063
17-Jan-2019 10:28:31.627,-0.0032,-0.0050,-0.9867, 0.0018, 0.0128, 0.0142,-0.0105,-0.0149,-0.0118,-0.0059, 0.0174,-1.6063
17-Jan-2019 10:28:31.666,-0.0044,-0.0052,-0.9858, 0.0022, 0.0117, 0.0120,-0.0073,-0.0085,-0.0118,-0.0059, 0.0174,-1.6063
17-Jan-2019 10:28:31.705,-0.0035,-0.0051,-0.9884, 0.0021, 0.0114, 0.0143,-0.0105,-0.0181,-0.0107,-0.0059, 0.0174,-1.6063
17-Jan-2019 10:28:31.745,-0.0036,-0.0055,-0.9875, 0.0021, 0.0120, 0.0135,-0.0094,-0.0160,-0.0118,-0.0059, 0.0174,-1.6063
17-Jan-2019 10:28:31.785,-0.0044,-0.0048,-0.9860, 0.0024, 0.0120, 0.0117,-0.0073,-0.0074,-0.0118,-0.0059, 0.0174,-1.6063
17-Jan-2019 10:28:31.824,-0.0038,-0.0048,-0.9877, 0.0014, 0.0122, 0.0124,-0.0126,-0.0149,-0.0129,-0.0059, 0.0174,-1.6063
17-Jan-2019 10:28:31.864,-0.0029,-0.0054,-0.9880, 0.0012, 0.0112, 0.0141,-0.0115,-0.0192,-0.0118,-0.0059, 0.0173,-1.6063
17-Jan-2019 10:28:31.904,-0.0042,-0.0048,-0.9855, 0.0021, 0.0124, 0.0114,-0.0094,-0.0096,-0.0128,-0.0059, 0.0173,-1.6063
17-Jan-2019 10:28:31.944,-0.0045,-0.0057,-0.9863, 0.0017, 0.0123, 0.0124,-0.0095,-0.0096,-0.0118,-0.0059, 0.0173,-1.6063
17-Jan-2019 10:28:31.985,-0.0028,-0.0049,-0.9897, 0.0030, 0.0114, 0.0134,-0.0115,-0.0202,-0.0118,-0.0059, 0.0173,-1.6063
17-Jan-2019 10:28:32.023,-0.0033,-0.0033,-0.9923, 0.0020, 0.0123, 0.0124,-0.0105,-0.0149,-0.0118,-0.0059, 0.0173,-1.6063
17-Jan-2019 10:28:32.063,-0.0032,-0.0032,-1.0547, 0.0025, 0.0126,-0.0324,-0.0083,-0.0170,-0.0107,-0.0059, 0.0174,-1.6063
17-Jan-2019 10:28:32.103,-0.0031,-0.0056,-1.0832, 0.0026, 0.0082,-0.0927,-0.0062,-0.0159,-0.0118,-0.0058, 0.0174,-1.6063
17-Jan-2019 10:28:32.142,-0.0067,-0.0042,-1.0961, 0.0017, 0.0117,-0.0997,-0.0094,-0.0106,-0.0107,-0.0058, 0.0174,-1.6063
17-Jan-2019 10:28:32.182,-0.0062,-0.0069,-1.0979, 0.0010, 0.0098,-0.0983,-0.0126,-0.0202,-0.0129,-0.0058, 0.0174,-1.6063
17-Jan-2019 10:28:32.222,-0.0041,-0.0066,-1.0961,-0.0007, 0.0118,-0.0993,-0.0115,-0.0160,-0.0118,-0.0058, 0.0174,-1.6063
17-Jan-2019 10:28:32.262,-0.0059,-0.0045,-1.0854, 0.0013, 0.0113,-0.1015,-0.0031,-0.0053,-0.0107,-0.0058, 0.0174,-1.6063
17-Jan-2019 10:28:32.301,-0.0054,-0.0050,-1.0950, 0.0016, 0.0095,-0.0952,-0.0115,-0.0181,-0.0118,-0.0058, 0.0174,-1.6063
17-Jan-2019 10:28:32.342,-0.0031,-0.0096,-1.0983, 0.0056, 0.0078,-0.0893,-0.0126,-0.0224,-0.0118,-0.0059, 0.0174,-1.6063
17-Jan-2019 10:28:32.380, 0.0002,-0.0090,-1.0954, 0.0020, 0.0082,-0.1012,-0.0095,-0.0085,-0.0118,-0.0058, 0.0174,-1.6063
17-Jan-2019 10:28:32.420,-0.0034,-0.0086,-1.1005, 0.0028, 0.0110,-0.1064,-0.0073,-0.0064,-0.0139,-0.0058, 0.0174,-1.6063
17-Jan-2019 10:28:32.460,-0.0034,-0.0097,-1.1107, 0.0019, 0.0146,-0.1056,-0.0115,-0.0213,-0.0118,-0.0059, 0.0174,-1.6063
17-Jan-2019 10:28:32.500,-0.0052,-0.0035,-1.1115, 0.0027, 0.0100,-0.1038,-0.0115,-0.0160,-0.0118,-0.0058, 0.0174,-1.6063
17-Jan-2019 10:28:32.542,-0.0050,-0.0044,-1.1038, 0.0027, 0.0134,-0.1181,-0.0084,-0.0074,-0.0107,-0.0058, 0.0174,-1.6063
17-Jan-2019 10:28:32.579,-0.0067,-0.0079,-1.1132, 0.0012, 0.0106,-0.1222,-0.0105,-0.0106,-0.0107,-0.0058, 0.0174,-1.6063
17-Jan-2019 10:28:32.619,-0.0051,-0.0084,-1.1246, 0.0043, 0.0135,-0.1156,-0.0126,-0.0213,-0.0129,-0.0058, 0.0174,-1.6063
17-Jan-2019 10:28:32.659,-0.0025,-0.0060,-1.1137, 0.0020, 0.0102,-0.1121,-0.0105,-0.0181,-0.0129,-0.0058, 0.0174,-1.6063
17-Jan-2019 10:28:32.699,-0.0033,-0.0050,-1.0867, 0.0035, 0.0117,-0.1032,-0.0105,-0.0064,-0.0118,-0.0058, 0.0173,-1.6063
17-Jan-2019 10:28:32.739,-0.0049,-0.0056,-1.0561, 0.0023, 0.0121,-0.0744,-0.0105,-0.0053,-0.0118,-0.0059, 0.0172,-1.6063
17-Jan-2019 10:28:32.778,-0.0092,-0.0057,-1.0216, 0.0018, 0.0120,-0.0265,-0.0147,-0.0181,-0.0129,-0.0060, 0.0171,-1.6063
17-Jan-2019 10:28:32.817,-0.0029,-0.0038,-0.9847, 0.0026, 0.0128, 0.0129,-0.0136,-0.0266,-0.0108,-0.0060, 0.0171,-1.6063
17-Jan-2019 10:28:32.857,-0.0029,-0.0048,-0.9597, 0.0009, 0.0119, 0.0315,-0.0094,-0.0170,-0.0118,-0.0061, 0.0171,-1.6063
17-Jan-2019 10:28:32.897,-0.0019,-0.0059,-1.0131, 0.0035, 0.0117,-0.0173,-0.0073,-0.0074,-0.0118,-0.0060, 0.0171,-1.6063
17-Jan-2019 10:28:32.937,-0.0073,-0.0059,-1.0368, 0.0001, 0.0091,-0.0313,-0.0084,-0.0149,-0.0118,-0.0060, 0.0171,-1.6063
17-Jan-2019 10:28:32.977,-0.0035,-0.0100,-1.0350,-0.0002, 0.0110,-0.0380,-0.0157,-0.0309,-0.0119,-0.0060, 0.0171,-1.6063
17-Jan-2019 10:28:33.017,-0.0046,-0.0042,-1.0111,-0.0001, 0.0135,-0.0170,-0.0084,-0.0117,-0.0107,-0.0060, 0.0170,-1.6063
17-Jan-2019 10:28:33.056,-0.0057,-0.0055,-0.9794, 0.0039, 0.0111,-0.0015,-0.0042, 0.0022,-0.0117,-0.0060, 0.0170,-1.6063
17-Jan-2019 10:28:33.096,-0.0044,-0.0042,-0.9667, 0.0026, 0.0105, 0.0320,-0.0105,-0.0096,-0.0118,-0.0061, 0.0170,-1.6063
17-Jan-2019 10:28:33.136,-0.0039,-0.0055,-0.9538, 0.0021, 0.0100, 0.0414,-0.0157,-0.0288,-0.0108,-0.0061, 0.0169,-1.6063
17-Jan-2019 10:28:33.175,-0.0015,-0.0057,-0.9605, 0.0021, 0.0103, 0.0399,-0.0104,-0.0202,-0.0118,-0.0061, 0.0169,-1.6062
17-Jan-2019 10:28:33.216,-0.0078,-0.0063,-0.9759,-0.0013, 0.0098, 0.0229,-0.0052,-0.0010,-0.0128,-0.0061, 0.0170,-1.6062
17-Jan-2019 10:28:33.256,-0.0020,-0.0087,-0.9967, 0.0045, 0.0113, 0.0108,-0.0105,-0.0170,-0.0139,-0.0061, 0.0170,-1.6062
17-Jan-2019 10:28:33.294,-0.0094,-0.0087,-1.0022,-0.0011, 0.0113,-0.0016,-0.0136,-0.0245,-0.0118,-0.0061, 0.0170,-1.6062
17-Jan-2019 10:28:33.335,-0.0025,-0.0053,-1.0004, 0.0034, 0.0138,-0.0115,-0.0084,-0.0074,-0.0118,-0.0061, 0.0170,-1.6062
17-Jan-2019 10:28:33.374,-0.0072,-0.0047,-0.9965, 0.0027, 0.0120,-0.0041,-0.0031, 0.0011,-0.0117,-0.0061, 0.0170,-1.6062
17-Jan-2019 10:28:33.414,-0.0036,-0.0071,-0.9903, 0.0019, 0.0103, 0.0074,-0.0126,-0.0224,-0.0108,-0.0062, 0.0169,-1.6062
17-Jan-2019 10:28:33.453,-0.0019,-0.0064,-0.9793, 0.0010, 0.0117, 0.0176,-0.0136,-0.0298,-0.0108,-0.0062, 0.0169,-1.6062
17-Jan-2019 10:28:33.493,-0.0058,-0.0065,-0.9722, 0.0013, 0.0101, 0.0232,-0.0084,-0.0085,-0.0107,-0.0062, 0.0169,-1.6062
17-Jan-2019 10:28:33.534,-0.0069,-0.0065,-0.9755, 0.0024, 0.0115, 0.0261,-0.0063, 0.0022,-0.0117,-0.0062, 0.0169,-1.6062
17-Jan-2019 10:28:33.573,-0.0031,-0.0060,-0.9810, 0.0058, 0.0124, 0.0280,-0.0104,-0.0234,-0.0118,-0.0063, 0.0169,-1.6062
17-Jan-2019 10:28:33.613,-0.0043,-0.0074,-0.9877,-0.0007, 0.0141, 0.0177,-0.0115,-0.0213,-0.0129,-0.0063, 0.0169,-1.6062
17-Jan-2019 10:28:33.653,-0.0043,-0.0051,-0.9918, 0.0032, 0.0107, 0.0078,-0.0052,-0.0042,-0.0128,-0.0062, 0.0170,-1.6063
17-Jan-2019 10:28:33.692,-0.0014,-0.0061,-0.9922, 0.0041, 0.0120, 0.0109,-0.0105,-0.0096,-0.0118,-0.0062, 0.0170,-1.6063
17-Jan-2019 10:28:33.732,-0.0091,-0.0048,-0.9953,-0.0017, 0.0125, 0.0097,-0.0125,-0.0245,-0.0108,-0.0063, 0.0170,-1.6063
17-Jan-2019 10:28:33.772,-0.0018,-0.0071,-0.9921, 0.0028, 0.0113, 0.0037,-0.0094,-0.0160,-0.0118,-0.0063, 0.0170,-1.6063
17-Jan-2019 10:28:33.811,-0.0061,-0.0067,-0.9876, 0.0030, 0.0102, 0.0091,-0.0042,-0.0032,-0.0117,-0.0063, 0.0170,-1.6063
17-Jan-2019 10:28:33.851,-0.0069,-0.0062,-0.9889, 0.0013, 0.0122, 0.0210,-0.0115,-0.0160,-0.0118,-0.0064, 0.0169,-1.6063
17-Jan-2019 10:28:33.891,-0.0024,-0.0069,-0.9872, 0.0023, 0.0123, 0.0204,-0.0147,-0.0245,-0.0097,-0.0064, 0.0168,-1.6063
17-Jan-2019 10:28:33.931,-0.0047,-0.0061,-0.9821, 0.0021, 0.0120, 0.0129,-0.0084,-0.0106,-0.0128,-0.0063, 0.0168,-1.6063
17-Jan-2019 10:28:33.971,-0.0053,-0.0052,-0.9863, 0.0018, 0.0118, 0.0119,-0.0042, 0.0000,-0.0107,-0.0063, 0.0169,-1.6062
17-Jan-2019 10:28:34.010,-0.0048,-0.0052,-0.9878, 0.0022, 0.0107, 0.0161,-0.0126,-0.0181,-0.0118,-0.0064, 0.0168,-1.6062
17-Jan-2019 10:28:34.050,-0.0044,-0.0067,-0.9896, 0.0014, 0.0106, 0.0174,-0.0136,-0.0309,-0.0108,-0.0064, 0.0168,-1.6062
17-Jan-2019 10:28:34.090,-0.0053,-0.0051,-0.9893, 0.0001, 0.0115, 0.0060,-0.0073,-0.0085,-0.0128,-0.0064, 0.0168,-1.6062
17-Jan-2019 10:28:34.130,-0.0057,-0.0056,-0.9932, 0.0040, 0.0111, 0.0039,-0.0053, 0.0011,-0.0128,-0.0064, 0.0168,-1.6062
17-Jan-2019 10:28:34.169,-0.0058,-0.0057,-0.9908, 0.0008, 0.0113, 0.0145,-0.0136,-0.0202,-0.0118,-0.0065, 0.0167,-1.6063
17-Jan-2019 10:28:34.209,-0.0037,-0.0054,-0.9884, 0.0019, 0.0129, 0.0170,-0.0147,-0.0256,-0.0118,-0.0065, 0.0167,-1.6063
17-Jan-2019 10:28:34.249,-0.0042,-0.0051,-0.9827, 0.0011, 0.0108, 0.0121,-0.0073,-0.0053,-0.0128,-0.0064, 0.0167,-1.6063
17-Jan-2019 10:28:34.289,-0.0063,-0.0045,-0.9834, 0.0033, 0.0112, 0.0161,-0.0095,-0.0085,-0.0128,-0.0065, 0.0166,-1.6063
17-Jan-2019 10:28:34.328,-0.0031,-0.0064,-0.9831, 0.0039, 0.0105, 0.0184,-0.0136,-0.0213,-0.0129,-0.0065, 0.0166,-1.6063
17-Jan-2019 10:28:34.367,-0.0040,-0.0059,-0.9827,-0.0000, 0.0115, 0.0142,-0.0105,-0.0170,-0.0129,-0.0065, 0.0166,-1.6063
17-Jan-2019 10:28:34.408,-0.0036,-0.0054,-0.9903, 0.0031, 0.0109, 0.0084,-0.0074,-0.0042,-0.0128,-0.0065, 0.0166,-1.6063
17-Jan-2019 10:28:34.447,-0.0065,-0.0058,-0.9969, 0.0022, 0.0123, 0.0127,-0.0126,-0.0213,-0.0118,-0.0065, 0.0166,-1.6063
17-Jan-2019 10:28:34.487,-0.0026,-0.0052,-0.9902, 0.0033, 0.0122, 0.0110,-0.0126,-0.0202,-0.0118,-0.0065, 0.0165,-1.6063
17-Jan-2019 10:28:34.527,-0.0042,-0.0049,-0.9799, 0.0016, 0.0126, 0.0080,-0.0084,-0.0032,-0.0118,-0.0065, 0.0165,-1.6062
17-Jan-2019 10:28:34.566,-0.0050,-0.0042,-0.9819, 0.0042, 0.0104, 0.0143,-0.0084,-0.0042,-0.0118,-0.0065, 0.0164,-1.6062
17-Jan-2019 10:28:34.605,-0.0050,-0.0058,-0.9872, 0.0016, 0.0105, 0.0213,-0.0126,-0.0213,-0.0118,-0.0066, 0.0164,-1.6062
17-Jan-2019 10:28:34.645,-0.0047,-0.0048,-0.9834, 0.0034, 0.0116, 0.0224,-0.0157,-0.0298,-0.0119,-0.0066, 0.0163,-1.6062
17-Jan-2019 10:28:34.686,-0.0028,-0.0060,-0.9796, 0.0002, 0.0109, 0.0104,-0.0063, 0.0000,-0.0096,-0.0065, 0.0163,-1.6062
17-Jan-2019 10:28:34.725,-0.0046,-0.0032,-0.9916, 0.0026, 0.0113, 0.0115,-0.0053,-0.0021,-0.0107,-0.0065, 0.0163,-1.6062
17-Jan-2019 10:28:34.764,-0.0038,-0.0066,-0.9979, 0.0048, 0.0106, 0.0170,-0.0157,-0.0330,-0.0119,-0.0066, 0.0162,-1.6061
17-Jan-2019 10:28:34.805,-0.0038,-0.0042,-0.9881, 0.0008, 0.0114, 0.0116,-0.0157,-0.0277,-0.0118,-0.0066, 0.0162,-1.6061
17-Jan-2019 10:28:34.845,-0.0046,-0.0035,-0.9794, 0.0016, 0.0123, 0.0051,-0.0053, 0.0054,-0.0128,-0.0065, 0.0162,-1.6061
17-Jan-2019 10:28:34.884,-0.0040,-0.0047,-0.9840, 0.0014, 0.0116, 0.0058,-0.0021, 0.0086,-0.0117,-0.0066, 0.0162,-1.6061
17-Jan-2019 10:28:34.924,-0.0054,-0.0058,-0.9937, 0.0017, 0.0106, 0.0194,-0.0157,-0.0288,-0.0118,-0.0066, 0.0161,-1.6061
17-Jan-2019 10:28:34.964,-0.0045,-0.0056,-0.9882, 0.0020, 0.0125, 0.0207,-0.0199,-0.0437,-0.0108,-0.0067, 0.0161,-1.6061
17-Jan-2019 10:28:35.004,-0.0048,-0.0052,-0.9780, 0.0021, 0.0108, 0.0117,-0.0063,-0.0010,-0.0118,-0.0065, 0.0161,-1.6061
17-Jan-2019 10:28:35.043,-0.0046,-0.0045,-0.9803, 0.0022, 0.0122, 0.0072,-0.0000, 0.0150,-0.0117,-0.0065, 0.0161,-1.6061
17-Jan-2019 10:28:35.083,-0.0027,-0.0033,-0.9914, 0.0011, 0.0118, 0.0160,-0.0115,-0.0170,-0.0118,-0.0066, 0.0161,-1.6062
17-Jan-2019 10:28:35.122,-0.0048,-0.0053,-0.9948, 0.0009, 0.0112, 0.0203,-0.0209,-0.0469,-0.0130,-0.0067, 0.0160,-1.6061
17-Jan-2019 10:28:35.163,-0.0038,-0.0047,-0.9870, 0.0015, 0.0111, 0.0138,-0.0136,-0.0224,-0.0108,-0.0066, 0.0160,-1.6061
17-Jan-2019 10:28:35.202,-0.0049,-0.0020,-0.9839, 0.0024, 0.0103, 0.0095,-0.0053, 0.0022,-0.0139,-0.0066, 0.0160,-1.6062
17-Jan-2019 10:28:35.241,-0.0050,-0.0071,-0.9922, 0.0029, 0.0111, 0.0178,-0.0115,-0.0181,-0.0129,-0.0067, 0.0160,-1.6061
17-Jan-2019 10:28:35.282,-0.0033,-0.0055,-0.9898, 0.0023, 0.0118, 0.0159,-0.0146,-0.0319,-0.0118,-0.0067, 0.0160,-1.6062
17-Jan-2019 10:28:35.322,-0.0043,-0.0042,-0.9828, 0.0025, 0.0103, 0.0156,-0.0084,-0.0128,-0.0118,-0.0067, 0.0160,-1.6062
17-Jan-2019 10:28:35.360,-0.0035,-0.0051,-0.9832, 0.0029, 0.0116, 0.0113,-0.0042, 0.0032,-0.0107,-0.0067, 0.0160,-1.6062
17-Jan-2019 10:28:35.400,-0.0054,-0.0044,-0.9869, 0.0017, 0.0108, 0.0163,-0.0115,-0.0170,-0.0118,-0.0067, 0.0160,-1.6062
17-Jan-2019 10:28:35.443,-0.0036,-0.0054,-0.9855, 0.0020, 0.0107, 0.0149,-0.0147,-0.0234,-0.0108,-0.0067, 0.0160,-1.6062
17-Jan-2019 10:28:35.480,-0.0051,-0.0030,-0.9832, 0.0018, 0.0114, 0.0095,-0.0042,-0.0010,-0.0117,-0.0066, 0.0160,-1.6062
17-Jan-2019 10:28:35.520,-0.0038,-0.0047,-0.9893, 0.0030, 0.0094, 0.0099,-0.0073,-0.0064,-0.0128,-0.0066, 0.0160,-1.6062
17-Jan-2019 10:28:35.560,-0.0047,-0.0063,-0.9921, 0.0017, 0.0123, 0.0153,-0.0136,-0.0266,-0.0129,-0.0066, 0.0160,-1.6062
17-Jan-2019 10:28:35.599,-0.0044,-0.0052,-0.9894, 0.0018, 0.0123, 0.0129,-0.0136,-0.0256,-0.0118,-0.0066, 0.0159,-1.6062
17-Jan-2019 10:28:35.640,-0.0057,-0.0029,-0.9836, 0.0028, 0.0111, 0.0114,-0.0063,-0.0032,-0.0118,-0.0066, 0.0160,-1.6062
17-Jan-2019 10:28:35.678,-0.0040,-0.0056,-0.9869, 0.0009, 0.0119, 0.0132,-0.0063,-0.0085,-0.0118,-0.0066, 0.0160,-1.6062
17-Jan-2019 10:28:35.719,-0.0044,-0.0028,-0.9891, 0.0015, 0.0121, 0.0147,-0.0157,-0.0277,-0.0129,-0.0067, 0.0160,-1.6062
17-Jan-2019 10:28:35.759,-0.0048,-0.0059,-0.9866, 0.0024, 0.0108, 0.0114,-0.0158,-0.0202,-0.0118,-0.0066, 0.0159,-1.6062
17-Jan-2019 10:28:35.798,-0.0044,-0.0065,-0.9838, 0.0014, 0.0089, 0.0103,-0.0074,-0.0042,-0.0128,-0.0066, 0.0159,-1.6062
17-Jan-2019 10:28:35.838,-0.0051,-0.0046,-0.9884, 0.0034, 0.0113, 0.0132,-0.0094,-0.0149,-0.0118,-0.0066, 0.0159,-1.6063
17-Jan-2019 10:28:35.878,-0.0029,-0.0067,-0.9877, 0.0017, 0.0120, 0.0167,-0.0125,-0.0234,-0.0129,-0.0066, 0.0159,-1.6063
17-Jan-2019 10:28:35.917,-0.0081,-0.0043,-0.9850, 0.0016, 0.0109, 0.0116,-0.0105,-0.0096,-0.0139,-0.0066, 0.0159,-1.6063
17-Jan-2019 10:28:35.957,-0.0031,-0.0046,-0.9810, 0.0031, 0.0118, 0.0127,-0.0052,-0.0042,-0.0128,-0.0066, 0.0159,-1.6063
17-Jan-2019 10:28:35.997,-0.0057,-0.0043,-0.9860, 0.0003, 0.0116, 0.0136,-0.0126,-0.0170,-0.0118,-0.0066, 0.0159,-1.6063
17-Jan-2019 10:28:36.037,-0.0032,-0.0070,-0.9874, 0.0027, 0.0102, 0.0147,-0.0136,-0.0245,-0.0118,-0.0067, 0.0158,-1.6063
17-Jan-2019 10:28:36.076,-0.0056,-0.0024,-0.9857, 0.0011, 0.0110, 0.0126,-0.0116,-0.0138,-0.0118,-0.0066, 0.0158,-1.6063
17-Jan-2019 10:28:36.116,-0.0046,-0.0058,-0.9859, 0.0032, 0.0096, 0.0126,-0.0063,-0.0053,-0.0118,-0.0066, 0.0159,-1.6063
17-Jan-2019 10:28:36.156,-0.0050,-0.0054,-0.9878, 0.0013, 0.0102, 0.0153,-0.0094,-0.0170,-0.0129,-0.0066, 0.0159,-1.6063
17-Jan-2019 10:28:36.196,-0.0034,-0.0052,-0.9892, 0.0009, 0.0100, 0.0182,-0.0125,-0.0245,-0.0118,-0.0066, 0.0159,-1.6063
17-Jan-2019 10:28:36.235,-0.0067,-0.0044,-0.9849, 0.0019, 0.0108, 0.0136,-0.0116,-0.0096,-0.0139,-0.0066, 0.0158,-1.6063
17-Jan-2019 10:28:36.274,-0.0026,-0.0047,-0.9861, 0.0014, 0.0100, 0.0127,-0.0063,-0.0064,-0.0118,-0.0066, 0.0158,-1.6063
17-Jan-2019 10:28:36.314,-0.0052,-0.0028,-0.9894, 0.0030, 0.0114, 0.0136,-0.0136,-0.0224,-0.0129,-0.0066, 0.0158,-1.6063
17-Jan-2019 10:28:36.354,-0.0040,-0.0065,-0.9888, 0.0006, 0.0106, 0.0158,-0.0115,-0.0224,-0.0118,-0.0066, 0.0158,-1.6064
17-Jan-2019 10:28:36.394,-0.0048,-0.0041,-0.9852, 0.0032, 0.0103, 0.0092,-0.0074,-0.0042,-0.0107,-0.0065, 0.0158,-1.6063
17-Jan-2019 10:28:36.434,-0.0048,-0.0057,-0.9865, 0.0028, 0.0109, 0.0114,-0.0095,-0.0043,-0.0107,-0.0065, 0.0158,-1.6064
17-Jan-2019 10:28:36.473,-0.0041,-0.0042,-0.9889, 0.0029, 0.0103, 0.0135,-0.0125,-0.0255,-0.0129,-0.0066, 0.0158,-1.6064
17-Jan-2019 10:28:36.513,-0.0054,-0.0052,-0.9863, 0.0009, 0.0113, 0.0143,-0.0115,-0.0192,-0.0118,-0.0066, 0.0158,-1.6064
17-Jan-2019 10:28:36.553,-0.0051,-0.0057,-0.9845, 0.0022, 0.0104, 0.0094,-0.0063,-0.0010,-0.0118,-0.0065, 0.0158,-1.6064
17-Jan-2019 10:28:36.592,-0.0050,-0.0050,-0.9866, 0.0020, 0.0112, 0.0110,-0.0094,-0.0128,-0.0118,-0.0065, 0.0158,-1.6064
17-Jan-2019 10:28:36.633,-0.0042,-0.0061,-0.9876, 0.0009, 0.0108, 0.0153,-0.0157,-0.0256,-0.0118,-0.0065, 0.0158,-1.6064
17-Jan-2019 10:28:36.672,-0.0042,-0.0050,-0.9865, 0.0020, 0.0107, 0.0131,-0.0115,-0.0160,-0.0129,-0.0065, 0.0158,-1.6064
17-Jan-2019 10:28:36.712,-0.0040,-0.0053,-0.9867, 0.0034, 0.0112, 0.0108,-0.0063,-0.0042,-0.0107,-0.0065, 0.0158,-1.6064
17-Jan-2019 10:28:36.752,-0.0054,-0.0050,-0.9890, 0.0026, 0.0116, 0.0137,-0.0126,-0.0170,-0.0129,-0.0066, 0.0158,-1.6064
17-Jan-2019 10:28:36.792,-0.0049,-0.0060,-0.9872, 0.0030, 0.0118, 0.0167,-0.0147,-0.0224,-0.0118,-0.0065, 0.0157,-1.6064
17-Jan-2019 10:28:36.831,-0.0051,-0.0042,-0.9847, 0.0026, 0.0107, 0.0155,-0.0084,-0.0106,-0.0118,-0.0065, 0.0157,-1.6064
17-Jan-2019 10:28:36.870,-0.0040,-0.0049,-0.9856, 0.0025, 0.0099, 0.0124,-0.0095,-0.0064,-0.0118,-0.0065, 0.0157,-1.6064
17-Jan-2019 10:28:36.911,-0.0059,-0.0050,-0.9893, 0.0019, 0.0096, 0.0137,-0.0115,-0.0170,-0.0118,-0.0065, 0.0157,-1.6065
17-Jan-2019 10:28:36.951,-0.0057,-0.0057,-0.9879, 0.0012, 0.0115, 0.0122,-0.0126,-0.0170,-0.0139,-0.0065, 0.0157,-1.6065
17-Jan-2019 10:28:36.991,-0.0055,-0.0047,-0.9849, 0.0012, 0.0091, 0.0115,-0.0095,-0.0064,-0.0128,-0.0065, 0.0157,-1.6065
17-Jan-2019 10:28:37.030,-0.0036,-0.0050,-0.9852, 0.0015, 0.0117, 0.0111,-0.0084,-0.0085,-0.0118,-0.0064, 0.0157,-1.6065
17-Jan-2019 10:28:37.070,-0.0043,-0.0052,-0.9877, 0.0001, 0.0113, 0.0155,-0.0125,-0.0234,-0.0129,-0.0065, 0.0157,-1.6065
17-Jan-2019 10:28:37.109,-0.0013,-0.0055,-0.9869,-0.0002, 0.0100, 0.0182,-0.0126,-0.0224,-0.0108,-0.0065, 0.0157,-1.6065
17-Jan-2019 10:28:37.149,-0.0027,-0.0040,-0.9778,-0.0000, 0.0113, 0.0140,-0.0095,-0.0085,-0.0118,-0.0065, 0.0157,-1.6065
17-Jan-2019 10:28:37.189, 0.0044,-0.0044,-0.9822, 0.0024, 0.0093, 0.0133,-0.0063,-0.0042,-0.0118,-0.0065, 0.0157,-1.6065
17-Jan-2019 10:28:37.229,-0.0027,-0.0029,-0.9920,-0.0042, 0.0110, 0.0120,-0.0105,-0.0192,-0.0118,-0.0065, 0.0157,-1.6065
17-Jan-2019 10:28:37.269, 0.0013,-0.0034,-0.9940,-0.0004, 0.0078, 0.0112,-0.0115,-0.0181,-0.0118,-0.0065, 0.0157,-1.6065
17-Jan-2019 10:28:37.309,-0.0031,-0.0011,-0.9878,-0.0013, 0.0115, 0.0120,-0.0084,-0.0064,-0.0118,-0.0064, 0.0157,-1.6065
17-Jan-2019 10:28:37.347,-0.0007,-0.0023,-0.9806, 0.0011, 0.0114, 0.0149,-0.0095,-0.0011,-0.0118,-0.0064, 0.0157,-1.6065
17-Jan-2019 10:28:37.387,-0.0034,-0.0003,-0.9816,-0.0019, 0.0117, 0.0233,-0.0105,-0.0170,-0.0118,-0.0064, 0.0156,-1.6065
17-Jan-2019 10:28:37.427,-0.0022,-0.0004,-0.9806, 0.0008, 0.0120, 0.0265,-0.0126,-0.0202,-0.0118,-0.0064, 0.0156,-1.6065
17-Jan-2019 10:28:37.466,-0.0063,-0.0019,-0.9782,-0.0026, 0.0099, 0.0234,-0.0073,-0.0096,-0.0107,-0.0064, 0.0156,-1.6065
17-Jan-2019 10:28:37.507,-0.0040,-0.0000,-0.9813, 0.0017, 0.0120, 0.0170,-0.0074,-0.0053,-0.0107,-0.0064, 0.0156,-1.6064
17-Jan-2019 10:28:37.547,-0.0074,-0.0022,-0.9907, 0.0002, 0.0103, 0.0195,-0.0115,-0.0202,-0.0129,-0.0064, 0.0156,-1.6065
17-Jan-2019 10:28:37.586,-0.0042,-0.0021,-0.9950, 0.0029, 0.0097, 0.0154,-0.0136,-0.0277,-0.0118,-0.0064, 0.0155,-1.6064
17-Jan-2019 10:28:37.626,-0.0051,-0.0034,-0.9910, 0.0021, 0.0088, 0.0068,-0.0073,-0.0074,-0.0128,-0.0064, 0.0155,-1.6065
17-Jan-2019 10:28:37.666,-0.0047,-0.0036,-0.9892, 0.0018, 0.0087, 0.0032,-0.0074, 0.0000,-0.0128,-0.0064, 0.0155,-1.6064
17-Jan-2019 10:28:37.705,-0.0073, 0.0000,-0.9957,-0.0017, 0.0132, 0.0099,-0.0158,-0.0213,-0.0129,-0.0064, 0.0154,-1.6064
17-Jan-2019 10:28:37.746,-0.0040,-0.0060,-0.9916, 0.0052, 0.0093, 0.0157,-0.0167,-0.0320,-0.0119,-0.0064, 0.0154,-1.6064
17-Jan-2019 10:28:37.785,-0.0041,-0.0022,-0.9781, 0.0006, 0.0109, 0.0112,-0.0094,-0.0106,-0.0139,-0.0064, 0.0153,-1.6064
17-Jan-2019 10:28:37.825,-0.0012,-0.0061,-0.9790, 0.0028, 0.0096, 0.0114,-0.0042, 0.0022,-0.0139,-0.0063, 0.0153,-1.6064
17-Jan-2019 10:28:37.864,-0.0035,-0.0032,-0.9873, 0.0006, 0.0109, 0.0181,-0.0115,-0.0160,-0.0129,-0.0064, 0.0153,-1.6065
17-Jan-2019 10:28:37.904,-0.0055,-0.0048,-0.9871, 0.0035, 0.0090, 0.0187,-0.0168,-0.0309,-0.0129,-0.0064, 0.0153,-1.6065
17-Jan-2019 10:28:37.944,-0.0023,-0.0039,-0.9823, 0.0022, 0.0106, 0.0132,-0.0105,-0.0149,-0.0107,-0.0063, 0.0152,-1.6064
17-Jan-2019 10:28:37.983,-0.0030,-0.0050,-0.9808, 0.0027, 0.0095, 0.0073,-0.0042, 0.0043,-0.0107,-0.0063, 0.0152,-1.6064
17-Jan-2019 10:28:38.023,-0.0043,-0.0032,-0.9892, 0.0017, 0.0119, 0.0084,-0.0105,-0.0053,-0.0128,-0.0063, 0.0152,-1.6065
17-Jan-2019 10:28:38.062,-0.0034,-0.0030,-0.9917, 0.0027, 0.0102, 0.0130,-0.0157,-0.0277,-0.0129,-0.0063, 0.0152,-1.6065
17-Jan-2019 10:28:38.103,-0.0035,-0.0046,-0.9854, 0.0026, 0.0085, 0.0107,-0.0126,-0.0181,-0.0107,-0.0062, 0.0152,-1.6065
17-Jan-2019 10:28:38.142,-0.0025,-0.0046,-0.9844, 0.0031, 0.0096, 0.0077,-0.0074,-0.0021,-0.0128,-0.0062, 0.0152,-1.6065
17-Jan-2019 10:28:38.182,-0.0047,-0.0056,-0.9878, 0.0013, 0.0107, 0.0111,-0.0063,-0.0085,-0.0128,-0.0062, 0.0151,-1.6065
17-Jan-2019 10:28:38.222,-0.0045,-0.0049,-0.9884, 0.0029, 0.0110, 0.0180,-0.0157,-0.0266,-0.0118,-0.0062, 0.0150,-1.6065
17-Jan-2019 10:28:38.262,-0.0022,-0.0026,-0.9828, 0.0022, 0.0107, 0.0169,-0.0136,-0.0192,-0.0129,-0.0062, 0.0150,-1.6065
17-Jan-2019 10:28:38.301,-0.0044,-0.0060,-0.9809,-0.0007, 0.0074, 0.0151,-0.0095,-0.0053,-0.0128,-0.0061, 0.0150,-1.6065
17-Jan-2019 10:28:38.343,-0.0040,-0.0050,-0.9875, 0.0014, 0.0113, 0.0141,-0.0062,-0.0138,-0.0128,-0.0061, 0.0150,-1.6066
17-Jan-2019 10:28:38.381,-0.0045,-0.0044,-0.9874, 0.0022, 0.0109, 0.0145,-0.0147,-0.0245,-0.0129,-0.0061, 0.0150,-1.6066
17-Jan-2019 10:28:38.421,-0.0035,-0.0047,-0.9852, 0.0015, 0.0098, 0.0131,-0.0084,-0.0128,-0.0107,-0.0061, 0.0150,-1.6066
17-Jan-2019 10:28:38.460,-0.0043,-0.0040,-0.9844, 0.0020, 0.0092, 0.0116,-0.0073,-0.0053,-0.0139,-0.0061, 0.0150,-1.6066
17-Jan-2019 10:28:38.500,-0.0040,-0.0051,-0.9909, 0.0028, 0.0106, 0.0126,-0.0105,-0.0170,-0.0118,-0.0061, 0.0150,-1.6065
17-Jan-2019 10:28:38.540,-0.0050,-0.0049,-0.9898, 0.0016, 0.0111, 0.0138,-0.0147,-0.0277,-0.0118,-0.0061, 0.0150,-1.6065
17-Jan-2019 10:28:38.579,-0.0036,-0.0007,-0.9854, 0.0024, 0.0125, 0.0130,-0.0084,-0.0117,-0.0118,-0.0061, 0.0150,-1.6065
17-Jan-2019 10:28:38.619,-0.0031,-0.0055,-0.9835, 0.0018, 0.0075, 0.0129,-0.0074,-0.0042,-0.0118,-0.0061, 0.0150,-1.6065
17-Jan-2019 10:28:38.659,-0.0031,-0.0046,-0.9875, 0.0027, 0.0107, 0.0153,-0.0105,-0.0160,-0.0118,-0.0061, 0.0150,-1.6065
17-Jan-2019 10:28:38.699,-0.0037,-0.0027,-0.9880, 0.0023, 0.0116, 0.0147,-0.0125,-0.0234,-0.0129,-0.0061, 0.0149,-1.6065
17-Jan-2019 10:28:38.738,-0.0037,-0.0046,-0.9861, 0.0014, 0.0100, 0.0134,-0.0084,-0.0085,-0.0128,-0.0061, 0.0149,-1.6065
17-Jan-2019 10:28:38.778,-0.0045,-0.0048,-0.9859, 0.0023, 0.0083, 0.0117,-0.0084,-0.0064,-0.0118,-0.0061, 0.0149,-1.6065
17-Jan-2019 10:28:38.818,-0.0031,-0.0048,-0.9888, 0.0026, 0.0111, 0.0144,-0.0115,-0.0192,-0.0107,-0.0061, 0.0148,-1.6065
17-Jan-2019 10:28:38.858,-0.0039,-0.0042,-0.9876, 0.0013, 0.0093, 0.0129,-0.0126,-0.0202,-0.0108,-0.0060, 0.0148,-1.6065
17-Jan-2019 10:28:38.897,-0.0036,-0.0043,-0.9863, 0.0031, 0.0095, 0.0097,-0.0063,-0.0096,-0.0118,-0.0060, 0.0149,-1.6065
17-Jan-2019 10:28:38.937,-0.0046,-0.0055,-0.9875, 0.0024, 0.0084, 0.0130,-0.0063,-0.0085,-0.0128,-0.0060, 0.0149,-1.6065
17-Jan-2019 10:28:38.977,-0.0039,-0.0046,-0.9893, 0.0012, 0.0127, 0.0135,-0.0136,-0.0234,-0.0108,-0.0060, 0.0148,-1.6065
17-Jan-2019 10:28:39.017,-0.0046,-0.0047,-0.9855, 0.0018, 0.0099, 0.0108,-0.0105,-0.0160,-0.0129,-0.0060, 0.0148,-1.6065
17-Jan-2019 10:28:39.056,-0.0042,-0.0045,-0.9840, 0.0027, 0.0084, 0.0135,-0.0084,-0.0064,-0.0118,-0.0060, 0.0148,-1.6065
17-Jan-2019 10:28:39.095,-0.0039,-0.0055,-0.9849, 0.0007, 0.0099, 0.0155,-0.0094,-0.0128,-0.0129,-0.0060, 0.0148,-1.6065
17-Jan-2019 10:28:39.136,-0.0041,-0.0046,-0.9829, 0.0027, 0.0099, 0.0138,-0.0126,-0.0192,-0.0118,-0.0060, 0.0148,-1.6065
17-Jan-2019 10:28:39.175,-0.0033,-0.0048,-0.9848, 0.0032, 0.0088, 0.0125,-0.0094,-0.0117,-0.0118,-0.0059, 0.0148,-1.6065
17-Jan-2019 10:28:39.215,-0.0049,-0.0033,-0.9855,-0.0005, 0.0090, 0.0142,-0.0052,-0.0053,-0.0118,-0.0059, 0.0148,-1.6065
17-Jan-2019 10:28:39.255,-0.0061,-0.0056,-0.9875, 0.0018, 0.0107, 0.0132,-0.0105,-0.0181,-0.0118,-0.0059, 0.0148,-1.6065
17-Jan-2019 10:28:39.294,-0.0020,-0.0058,-0.9897, 0.0015, 0.0094, 0.0144,-0.0136,-0.0245,-0.0129,-0.0059, 0.0148,-1.6065
17-Jan-2019 10:28:39.334,-0.0053,-0.0024,-0.9866, 0.0021, 0.0095, 0.0085,-0.0095,-0.0064,-0.0118,-0.0058, 0.0148,-1.6064
17-Jan-2019 10:28:39.374,-0.0041,-0.0045,-0.9875, 0.0036, 0.0091, 0.0101,-0.0042,-0.0042,-0.0128,-0.0058, 0.0148,-1.6064
17-Jan-2019 10:28:39.414,-0.0055,-0.0047,-0.9888, 0.0002, 0.0100, 0.0135,-0.0115,-0.0202,-0.0118,-0.0058, 0.0148,-1.6064
17-Jan-2019 10:28:39.453,-0.0039,-0.0062,-0.9845, 0.0014, 0.0095, 0.0166,-0.0147,-0.0256,-0.0129,-0.0058, 0.0148,-1.6064
17-Jan-2019 10:28:39.493,-0.0034,-0.0047,-0.9841, 0.0012, 0.0099, 0.0138,-0.0073,-0.0064,-0.0118,-0.0058, 0.0147,-1.6065
17-Jan-2019 10:28:39.533,-0.0045,-0.0043,-0.9846, 0.0018, 0.0087, 0.0135,-0.0074,-0.0042,-0.0096,-0.0058, 0.0147,-1.6064
17-Jan-2019 10:28:39.573,-0.0040,-0.0039,-0.9866, 0.0012, 0.0100, 0.0145,-0.0126,-0.0224,-0.0118,-0.0058, 0.0147,-1.6064
17-Jan-2019 10:28:39.613,-0.0047,-0.0040,-0.9883, 0.0007, 0.0110, 0.0106,-0.0115,-0.0202,-0.0118,-0.0058, 0.0147,-1.6064
17-Jan-2019 10:28:39.652,-0.0032,-0.0062,-0.9859, 0.0024, 0.0087, 0.0114,-0.0074,-0.0032,-0.0118,-0.0057, 0.0147,-1.6064
17-Jan-2019 10:28:39.692,-0.0046,-0.0024,-0.9862, 0.0018, 0.0101, 0.0103,-0.0073,-0.0064,-0.0118,-0.0057, 0.0147,-1.6064
17-Jan-2019 10:28:39.732,-0.0028,-0.0062,-0.9878, 0.0020, 0.0090, 0.0142,-0.0147,-0.0256,-0.0118,-0.0057, 0.0147,-1.6064
17-Jan-2019 10:28:39.772,-0.0038,-0.0048,-0.9875, 0.0006, 0.0099, 0.0133,-0.0105,-0.0170,-0.0118,-0.0057, 0.0147,-1.6064
17-Jan-2019 10:28:39.811,-0.0055,-0.0050,-0.9862, 0.0023, 0.0096, 0.0108,-0.0063,-0.0032,-0.0118,-0.0057, 0.0147,-1.6064
17-Jan-2019 10:28:39.851,-0.0030,-0.0046,-0.9865, 0.0018, 0.0091, 0.0139,-0.0084,-0.0128,-0.0107,-0.0057, 0.0147,-1.6064
17-Jan-2019 10:28:39.891,-0.0032,-0.0064,-0.9850, 0.0004, 0.0092, 0.0158,-0.0136,-0.0234,-0.0118,-0.0057, 0.0147,-1.6064
17-Jan-2019 10:28:39.930,-0.0037,-0.0052,-0.9859, 0.0022, 0.0097, 0.0141,-0.0115,-0.0170,-0.0129,-0.0057, 0.0147,-1.6064
17-Jan-2019 10:28:39.970,-0.0040,-0.0050,-0.9880, 0.0025, 0.0087, 0.0122,-0.0052,-0.0042,-0.0107,-0.0057, 0.0147,-1.6064
17-Jan-2019 10:28:40.009,-0.0048,-0.0055,-0.9880, 0.0016, 0.0098, 0.0123,-0.0105,-0.0117,-0.0129,-0.0057, 0.0147,-1.6064
17-Jan-2019 10:28:40.049,-0.0043,-0.0050,-0.9868, 0.0003, 0.0099, 0.0125,-0.0115,-0.0223,-0.0129,-0.0057, 0.0147,-1.6064
17-Jan-2019 10:28:40.088,-0.0035,-0.0047,-0.9858, 0.0027, 0.0099, 0.0122,-0.0084,-0.0128,-0.0118,-0.0057, 0.0147,-1.6064
17-Jan-2019 10:28:40.128,-0.0057,-0.0039,-0.9878, 0.0012, 0.0096, 0.0126,-0.0063,-0.0032,-0.0118,-0.0056, 0.0147,-1.6064
17-Jan-2019 10:28:40.169,-0.0014,-0.0052,-0.9884, 0.0028, 0.0079, 0.0148,-0.0126,-0.0192,-0.0118,-0.0056, 0.0147,-1.6064
17-Jan-2019 10:28:40.208,-0.0042,-0.0046,-0.9855, 0.0012, 0.0109, 0.0127,-0.0115,-0.0224,-0.0108,-0.0057, 0.0146,-1.6064
17-Jan-2019 10:28:40.248,-0.0042,-0.0051,-0.9852, 0.0026, 0.0090, 0.0137,-0.0084,-0.0085,-0.0139,-0.0056, 0.0146,-1.6064
17-Jan-2019 10:28:40.288,-0.0039,-0.0052,-0.9872, 0.0030, 0.0088, 0.0139,-0.0073,-0.0074,-0.0118,-0.0056, 0.0146,-1.6064
17-Jan-2019 10:28:40.328,-0.0021,-0.0046,-0.9872, 0.0007, 0.0099, 0.0141,-0.0136,-0.0192,-0.0118,-0.0056, 0.0146,-1.6064
17-Jan-2019 10:28:40.367,-0.0047,-0.0061,-0.9879, 0.0014, 0.0093, 0.0121,-0.0115,-0.0181,-0.0118,-0.0056, 0.0145,-1.6064
17-Jan-2019 10:28:40.407,-0.0043,-0.0052,-0.9882, 0.0039, 0.0106, 0.0103,-0.0074,-0.0053,-0.0118,-0.0056, 0.0145,-1.6064
17-Jan-2019 10:28:40.446,-0.0031,-0.0049,-0.9885, 0.0030, 0.0081, 0.0124,-0.0094,-0.0138,-0.0118,-0.0056, 0.0144,-1.6064
17-Jan-2019 10:28:40.486,-0.0027,-0.0051,-0.9868, 0.0008, 0.0098, 0.0149,-0.0147,-0.0213,-0.0118,-0.0056, 0.0144,-1.6064
17-Jan-2019 10:28:40.526,-0.0039,-0.0051,-0.9877, 0.0037, 0.0105, 0.0123,-0.0126,-0.0202,-0.0129,-0.0056, 0.0144,-1.6064
17-Jan-2019 10:28:40.566,-0.0043,-0.0045,-0.9866, 0.0016, 0.0091, 0.0116,-0.0073,-0.0053,-0.0128,-0.0056, 0.0143,-1.6064
17-Jan-2019 10:28:40.606,-0.0033,-0.0050,-0.9904, 0.0012, 0.0102, 0.0104,-0.0095,-0.0096,-0.0118,-0.0056, 0.0143,-1.6064
17-Jan-2019 10:28:40.645,-0.0028,-0.0052,-0.9874, 0.0033, 0.0111, 0.0120,-0.0136,-0.0245,-0.0118,-0.0056, 0.0143,-1.6065
17-Jan-2019 10:28:40.685,-0.0033,-0.0054,-0.9845, 0.0028, 0.0107, 0.0136,-0.0084,-0.0149,-0.0118,-0.0056, 0.0142,-1.6064
17-Jan-2019 10:28:40.725,-0.0029,-0.0030,-0.9817, 0.0031, 0.0103, 0.0170,-0.0074,-0.0021,-0.0107,-0.0055, 0.0142,-1.6064
17-Jan-2019 10:28:40.765,-0.0007,-0.0026,-0.9832, 0.0044, 0.0123, 0.0178,-0.0105,-0.0106,-0.0107,-0.0056, 0.0142,-1.6064
17-Jan-2019 10:28:40.804,-0.0101,-0.0152,-0.9910,-0.0077,-0.0021, 0.0145,-0.0168,-0.0288,-0.0119,-0.0056, 0.0141,-1.6064
17-Jan-2019 10:28:40.844,-0.0021,-0.0013,-0.9929, 0.0059, 0.0115, 0.0112,-0.0137,-0.0181,-0.0118,-0.0056, 0.0141,-1.6064
17-Jan-2019 10:28:40.883,-0.0043,-0.0054,-0.9884, 0.0036, 0.0086, 0.0107,-0.0053, 0.0011,-0.0107,-0.0055, 0.0141,-1.6064
17-Jan-2019 10:28:40.924,-0.0012,-0.0031,-0.9889, 0.0024, 0.0123, 0.0101,-0.0116,-0.0096,-0.0118,-0.0056, 0.0141,-1.6064
17-Jan-2019 10:28:40.963,-0.0046,-0.0092,-0.9904,-0.0015, 0.0037, 0.0112,-0.0157,-0.0288,-0.0118,-0.0056, 0.0141,-1.6064
17-Jan-2019 10:28:41.003,-0.0036,-0.0011,-0.9915, 0.0042, 0.0124, 0.0136,-0.0115,-0.0192,-0.0107,-0.0056, 0.0140,-1.6064
17-Jan-2019 10:28:41.043,-0.0034,-0.0075,-0.9851, 0.0043, 0.0080, 0.0142,-0.0063,-0.0010,-0.0096,-0.0055, 0.0141,-1.6064
17-Jan-2019 10:28:41.082,-0.0017,-0.0041,-0.9807, 0.0002, 0.0090, 0.0125,-0.0095,-0.0042,-0.0118,-0.0056, 0.0140,-1.6064
17-Jan-2019 10:28:41.122,-0.0022,-0.0063,-0.9865, 0.0010, 0.0114, 0.0125,-0.0126,-0.0213,-0.0118,-0.0056, 0.0139,-1.6064
17-Jan-2019 10:28:41.161,-0.0023,-0.0033,-0.9913, 0.0029, 0.0091, 0.0167,-0.0115,-0.0234,-0.0118,-0.0056, 0.0139,-1.6064
17-Jan-2019 10:28:41.202,-0.0058,-0.0037,-0.9888, 0.0053, 0.0098, 0.0160,-0.0094,-0.0117,-0.0107,-0.0055, 0.0139,-1.6064
17-Jan-2019 10:28:41.241,-0.0044,-0.0045,-0.9857, 0.0005, 0.0090, 0.0094,-0.0116,-0.0107,-0.0107,-0.0055, 0.0139,-1.6064
17-Jan-2019 10:28:41.280,-0.0027,-0.0049,-0.9853, 0.0025, 0.0110, 0.0077,-0.0084,-0.0128,-0.0118,-0.0056, 0.0139,-1.6064
17-Jan-2019 10:28:41.320,-0.0045,-0.0061,-0.9879, 0.0022, 0.0067, 0.0123,-0.0105,-0.0128,-0.0118,-0.0056, 0.0138,-1.6064
17-Jan-2019 10:28:41.360,-0.0018,-0.0027,-0.9895, 0.0046, 0.0115, 0.0152,-0.0094,-0.0149,-0.0118,-0.0056, 0.0138,-1.6064
17-Jan-2019 10:28:41.401,-0.0025,-0.0067,-0.9844,-0.0004, 0.0081, 0.0123,-0.0104,-0.0191,-0.0139,-0.0056, 0.0138,-1.6064
17-Jan-2019 10:28:41.440,-0.0019,-0.0050,-0.9850, 0.0023, 0.0102, 0.0118,-0.0094,-0.0149,-0.0129,-0.0056, 0.0138,-1.6064
17-Jan-2019 10:28:41.479,-0.0049,-0.0040,-0.9877, 0.0011, 0.0095, 0.0140,-0.0105,-0.0106,-0.0118,-0.0056, 0.0138,-1.6064
17-Jan-2019 10:28:41.520,-0.0031,-0.0043,-0.9892, 0.0027, 0.0101, 0.0141,-0.0094,-0.0149,-0.0129,-0.0056, 0.0137,-1.6065
17-Jan-2019 10:28:41.560,-0.0029,-0.0065,-0.9824, 0.0017, 0.0073, 0.0105,-0.0104,-0.0202,-0.0129,-0.0056, 0.0137,-1.6065
17-Jan-2019 10:28:41.599,-0.0025,-0.0040,-0.9858, 0.0009, 0.0088, 0.0119,-0.0094,-0.0149,-0.0107,-0.0056, 0.0137,-1.6065
17-Jan-2019 10:28:41.639,-0.0042,-0.0038,-0.9891, 0.0031, 0.0104, 0.0135,-0.0084,-0.0074,-0.0107,-0.0056, 0.0138,-1.6064
17-Jan-2019 10:28:41.679,-0.0022,-0.0053,-0.9863, 0.0027, 0.0080, 0.0154,-0.0115,-0.0170,-0.0129,-0.0056, 0.0137,-1.6065
17-Jan-2019 10:28:41.718,-0.0023,-0.0041,-0.9794, 0.0006, 0.0096, 0.0133,-0.0137,-0.0170,-0.0129,-0.0056, 0.0137,-1.6065
17-Jan-2019 10:28:41.758,-0.0030,-0.0056,-0.9823, 0.0027, 0.0090, 0.0132,-0.0084,-0.0085,-0.0139,-0.0056, 0.0137,-1.6065
17-Jan-2019 10:28:41.798,-0.0041,-0.0048,-0.9895, 0.0034, 0.0081, 0.0146,-0.0095,-0.0074,-0.0107,-0.0056, 0.0137,-1.6065
17-Jan-2019 10:28:41.837,-0.0034,-0.0067,-0.9891, 0.0017, 0.0090, 0.0112,-0.0115,-0.0181,-0.0107,-0.0056, 0.0136,-1.6065
17-Jan-2019 10:28:41.877,-0.0024,-0.0051,-0.9838, 0.0014, 0.0085, 0.0082,-0.0115,-0.0170,-0.0107,-0.0056, 0.0137,-1.6065
17-Jan-2019 10:28:41.917,-0.0034,-0.0035,-0.9861, 0.0025, 0.0113, 0.0119,-0.0084,-0.0064,-0.0128,-0.0056, 0.0136,-1.6064
17-Jan-2019 10:28:41.956,-0.0040,-0.0056,-0.9869, 0.0035, 0.0077, 0.0189,-0.0084,-0.0117,-0.0139,-0.0056, 0.0136,-1.6065
17-Jan-2019 10:28:41.997,-0.0018,-0.0050,-0.9821, 0.0016, 0.0092, 0.0195,-0.0126,-0.0213,-0.0108,-0.0056, 0.0136,-1.6065
17-Jan-2019 10:28:42.037,-0.0021,-0.0036,-0.9767, 0.0012, 0.0107, 0.0154,-0.0094,-0.0149,-0.0118,-0.0056, 0.0136,-1.6065
17-Jan-2019 10:28:42.075,-0.0048,-0.0053,-0.9865, 0.0022, 0.0089, 0.0158,-0.0084,-0.0064,-0.0107,-0.0056, 0.0136,-1.6065
17-Jan-2019 10:28:42.116,-0.0042,-0.0042,-0.9906, 0.0025, 0.0075, 0.0159,-0.0094,-0.0149,-0.0129,-0.0057, 0.0136,-1.6065
17-Jan-2019 10:28:42.155,-0.0013,-0.0039,-0.9877, 0.0017, 0.0102, 0.0113,-0.0115,-0.0224,-0.0118,-0.0057, 0.0136,-1.6065
17-Jan-2019 10:28:42.195,-0.0035,-0.0039,-0.9853, 0.0030, 0.0096, 0.0068,-0.0105,-0.0117,-0.0129,-0.0056, 0.0137,-1.6065
17-Jan-2019 10:28:42.234,-0.0048,-0.0054,-0.9900, 0.0017, 0.0071, 0.0110,-0.0063,-0.0064,-0.0128,-0.0056, 0.0137,-1.6066
17-Jan-2019 10:28:42.274,-0.0042,-0.0042,-0.9907, 0.0033, 0.0097, 0.0146,-0.0116,-0.0128,-0.0118,-0.0057, 0.0137,-1.6065
17-Jan-2019 10:28:42.314,-0.0011,-0.0050,-0.9865, 0.0025, 0.0099, 0.0115,-0.0125,-0.0234,-0.0129,-0.0057, 0.0137,-1.6066
17-Jan-2019 10:28:42.353,-0.0030,-0.0045,-0.9825, 0.0016, 0.0104, 0.0104,-0.0094,-0.0117,-0.0129,-0.0057, 0.0137,-1.6066
17-Jan-2019 10:28:42.393,-0.0055,-0.0044,-0.9826, 0.0036, 0.0070, 0.0170,-0.0095,-0.0074,-0.0118,-0.0057, 0.0137,-1.6066
17-Jan-2019 10:28:42.433, 0.0002,-0.0048,-0.9903, 0.0014, 0.0094, 0.0256,-0.0147,-0.0224,-0.0118,-0.0057, 0.0137,-1.6066
17-Jan-2019 10:28:42.473, 0.0020,-0.0073,-0.9850, 0.0007, 0.0094, 0.0119,-0.0115,-0.0192,-0.0118,-0.0057, 0.0137,-1.6065
17-Jan-2019 10:28:42.513,-0.0025,-0.0050,-0.9839, 0.0026, 0.0092, 0.0074,-0.0063,-0.0085,-0.0139,-0.0057, 0.0137,-1.6066
17-Jan-2019 10:28:42.552,-0.0052,-0.0028,-0.9920, 0.0023, 0.0103, 0.0172,-0.0105,-0.0064,-0.0118,-0.0057, 0.0137,-1.6066
17-Jan-2019 10:28:42.592,-0.0019,-0.0074,-0.9895, 0.0015, 0.0088, 0.0176,-0.0115,-0.0202,-0.0118,-0.0058, 0.0137,-1.6066
17-Jan-2019 10:28:42.632,-0.0013,-0.0036,-0.9826, 0.0044, 0.0107, 0.0110,-0.0136,-0.0202,-0.0108,-0.0058, 0.0137,-1.6066
17-Jan-2019 10:28:42.671,-0.0035,-0.0043,-0.9875, 0.0044, 0.0093, 0.0144,-0.0063,-0.0085,-0.0107,-0.0058, 0.0137,-1.6066
17-Jan-2019 10:28:42.712,-0.0062,-0.0050,-0.9901, 0.0023, 0.0093, 0.0179,-0.0084,-0.0085,-0.0128,-0.0059, 0.0137,-1.6066
17-Jan-2019 10:28:42.752,-0.0044,-0.0069,-0.9880, 0.0036, 0.0076, 0.0135,-0.0126,-0.0213,-0.0118,-0.0059, 0.0136,-1.6066
17-Jan-2019 10:28:42.791,-0.0002,-0.0050,-0.9861, 0.0011, 0.0114, 0.0110,-0.0104,-0.0202,-0.0129,-0.0059, 0.0136,-1.6066
17-Jan-2019 10:28:42.831,-0.0055,-0.0031,-0.9846, 0.0010, 0.0097, 0.0111,-0.0052,-0.0053,-0.0118,-0.0059, 0.0137,-1.6066
17-Jan-2019 10:28:42.871,-0.0053,-0.0045,-0.9941, 0.0038, 0.0073, 0.0133,-0.0073,-0.0106,-0.0118,-0.0060, 0.0136,-1.6066
17-Jan-2019 10:28:42.910, 0.0001,-0.0040,-0.9899, 0.0014, 0.0100, 0.0146,-0.0136,-0.0234,-0.0129,-0.0060, 0.0136,-1.6066
17-Jan-2019 10:28:42.949,-0.0025,-0.0038,-0.9830, 0.0043, 0.0078, 0.0061,-0.0126,-0.0160,-0.0107,-0.0060, 0.0136,-1.6066
17-Jan-2019 10:28:42.990,-0.0035,-0.0049,-0.9886, 0.0023, 0.0072, 0.0111,-0.0084,-0.0042,-0.0107,-0.0060, 0.0136,-1.6066
17-Jan-2019 10:28:43.029,-0.0061,-0.0058,-0.9884, 0.0051, 0.0085, 0.0169,-0.0084,-0.0138,-0.0118,-0.0060, 0.0136,-1.6066
17-Jan-2019 10:28:43.068,-0.0005,-0.0075,-0.9858, 0.0037, 0.0097, 0.0195,-0.0146,-0.0288,-0.0108,-0.0061, 0.0136,-1.6066
17-Jan-2019 10:28:43.108,-0.0020,-0.0034,-0.9778, 0.0011, 0.0116, 0.0117,-0.0105,-0.0138,-0.0139,-0.0060, 0.0136,-1.6066
17-Jan-2019 10:28:43.148,-0.0057,-0.0032,-0.9840, 0.0035, 0.0085, 0.0145,-0.0052,-0.0074,-0.0118,-0.0060, 0.0136,-1.6066
17-Jan-2019 10:28:43.188,-0.0039,-0.0057,-0.9920, 0.0017, 0.0079, 0.0201,-0.0115,-0.0170,-0.0118,-0.0061, 0.0136,-1.6065
17-Jan-2019 10:28:43.229,-0.0023,-0.0049,-0.9861, 0.0036, 0.0087, 0.0096,-0.0126,-0.0224,-0.0129,-0.0061, 0.0136,-1.6065
17-Jan-2019 10:28:43.267,-0.0031,-0.0055,-0.9872, 0.0002, 0.0103, 0.0068,-0.0116,-0.0096,-0.0118,-0.0061, 0.0136,-1.6065
17-Jan-2019 10:28:43.308,-0.0050,-0.0045,-0.9891, 0.0042, 0.0077, 0.0073,-0.0052,-0.0010,-0.0128,-0.0061, 0.0136,-1.6065
17-Jan-2019 10:28:43.347,-0.0028,-0.0050,-0.9942, 0.0046, 0.0110, 0.0178,-0.0136,-0.0224,-0.0129,-0.0061, 0.0135,-1.6065
17-Jan-2019 10:28:43.387,-0.0031,-0.0045,-0.9839, 0.0032, 0.0067, 0.0096,-0.0104,-0.0191,-0.0129,-0.0061, 0.0135,-1.6065
17-Jan-2019 10:28:43.427,-0.0026,-0.0065,-0.9818, 0.0009, 0.0070, 0.0097,-0.0073,-0.0074,-0.0107,-0.0061, 0.0135,-1.6065
17-Jan-2019 10:28:43.466,-0.0052,-0.0062,-0.9868, 0.0043, 0.0074, 0.0183,-0.0084,-0.0053,-0.0107,-0.0061, 0.0135,-1.6065
17-Jan-2019 10:28:43.506,-0.0033,-0.0051,-0.9876, 0.0023, 0.0084, 0.0216,-0.0136,-0.0245,-0.0118,-0.0061, 0.0135,-1.6065
17-Jan-2019 10:28:43.546,-0.0026,-0.0047,-0.9821, 0.0020, 0.0085, 0.0145,-0.0115,-0.0224,-0.0118,-0.0061, 0.0135,-1.6065
17-Jan-2019 10:28:43.586,-0.0021,-0.0028,-0.9813, 0.0024, 0.0080, 0.0081,-0.0053,-0.0010,-0.0117,-0.0061, 0.0135,-1.6064
17-Jan-2019 10:28:43.625,-0.0049,-0.0090,-0.9931, 0.0039, 0.0076, 0.0197,-0.0094,-0.0117,-0.0107,-0.0061, 0.0135,-1.6064
17-Jan-2019 10:28:43.665,-0.0020,-0.0036,-0.9893, 0.0027, 0.0076, 0.0141,-0.0147,-0.0266,-0.0108,-0.0061, 0.0135,-1.6064
17-Jan-2019 10:28:43.705,-0.0024,-0.0050,-0.9834, 0.0035, 0.0120, 0.0072,-0.0094,-0.0128,-0.0107,-0.0061, 0.0135,-1.6064
17-Jan-2019 10:28:43.745,-0.0028,-0.0051,-0.9862, 0.0017, 0.0051, 0.0064,-0.0042, 0.0032,-0.0117,-0.0060, 0.0135,-1.6064
17-Jan-2019 10:28:43.784,-0.0036,-0.0061,-0.9953, 0.0040, 0.0107, 0.0173,-0.0105,-0.0149,-0.0107,-0.0061, 0.0134,-1.6064
17-Jan-2019 10:28:43.824,-0.0031,-0.0037,-0.9892, 0.0037, 0.0094, 0.0199,-0.0188,-0.0362,-0.0129,-0.0061, 0.0134,-1.6064
17-Jan-2019 10:28:43.864,-0.0043,-0.0042,-0.9805, 0.0008, 0.0098, 0.0083,-0.0105,-0.0138,-0.0118,-0.0061, 0.0135,-1.6065
17-Jan-2019 10:28:43.904,-0.0046,-0.0046,-0.9824,-0.0003, 0.0074, 0.0080,-0.0021, 0.0086,-0.0128,-0.0060, 0.0135,-1.6065
17-Jan-2019 10:28:43.943,-0.0022,-0.0042,-0.9929, 0.0037, 0.0098, 0.0180,-0.0105,-0.0117,-0.0118,-0.0061, 0.0135,-1.6065
17-Jan-2019 10:28:43.983,-0.0029,-0.0054,-0.9908, 0.0042, 0.0112, 0.0195,-0.0231,-0.0426,-0.0108,-0.0061, 0.0135,-1.6065
17-Jan-2019 10:28:44.023,-0.0040,-0.0053,-0.9818, 0.0027, 0.0066, 0.0094,-0.0126,-0.0213,-0.0129,-0.0061, 0.0135,-1.6065
17-Jan-2019 10:28:44.062,-0.0043, 0.0018,-0.9862, 0.0021, 0.0153, 0.0071,-0.0021, 0.0118,-0.0117,-0.0060, 0.0136,-1.6065
17-Jan-2019 10:28:44.102,-0.0039,-0.0065,-0.9919, 0.0025, 0.0106, 0.0172,-0.0074,-0.0042,-0.0118,-0.0061, 0.0135,-1.6065
17-Jan-2019 10:28:44.141,-0.0021,-0.0044,-0.9874, 0.0027, 0.0092, 0.0176,-0.0188,-0.0384,-0.0108,-0.0062, 0.0135,-1.6065
17-Jan-2019 10:28:44.182,-0.0019,-0.0036,-0.9789, 0.0040, 0.0086, 0.0115,-0.0115,-0.0224,-0.0118,-0.0061, 0.0135,-1.6065
17-Jan-2019 10:28:44.221,-0.0037,-0.0059,-0.9831, 0.0036, 0.0057, 0.0125, 0.0000, 0.0054,-0.0117,-0.0061, 0.0135,-1.6064
17-Jan-2019 10:28:44.261,-0.0049,-0.0025,-0.9883, 0.0017, 0.0107, 0.0191,-0.0094,-0.0096,-0.0139,-0.0061, 0.0135,-1.6064
17-Jan-2019 10:28:44.301,-0.0030,-0.0068,-0.9840, 0.0016, 0.0095, 0.0177,-0.0178,-0.0341,-0.0129,-0.0062, 0.0134,-1.6064
17-Jan-2019 10:28:44.342,-0.0022,-0.0049,-0.9827, 0.0024, 0.0072, 0.0101,-0.0105,-0.0138,-0.0118,-0.0062, 0.0135,-1.6064
17-Jan-2019 10:28:44.380,-0.0058,-0.0051,-0.9872, 0.0027, 0.0091, 0.0105,-0.0042, 0.0043,-0.0128,-0.0061, 0.0134,-1.6064
17-Jan-2019 10:28:44.419,-0.0033,-0.0040,-0.9932, 0.0029, 0.0093, 0.0131,-0.0105,-0.0160,-0.0118,-0.0062, 0.0134,-1.6064
17-Jan-2019 10:28:44.459,-0.0028,-0.0052,-0.9881, 0.0021, 0.0099, 0.0106,-0.0157,-0.0341,-0.0108,-0.0062, 0.0134,-1.6064
17-Jan-2019 10:28:44.499,-0.0031,-0.0050,-0.9863, 0.0016, 0.0062, 0.0079,-0.0084,-0.0117,-0.0118,-0.0062, 0.0134,-1.6064
17-Jan-2019 10:28:44.539,-0.0037,-0.0042,-0.9891, 0.0053, 0.0100, 0.0138,-0.0021, 0.0022,-0.0117,-0.0061, 0.0134,-1.6064
17-Jan-2019 10:28:44.578,-0.0045,-0.0049,-0.9882, 0.0016, 0.0069, 0.0180,-0.0126,-0.0202,-0.0108,-0.0062, 0.0134,-1.6064
17-Jan-2019 10:28:44.619,-0.0019,-0.0049,-0.9821, 0.0009, 0.0090, 0.0154,-0.0167,-0.0330,-0.0108,-0.0063, 0.0134,-1.6063
17-Jan-2019 10:28:44.658,-0.0038,-0.0065,-0.9810, 0.0034, 0.0069, 0.0144,-0.0095,-0.0085,-0.0128,-0.0062, 0.0134,-1.6063
17-Jan-2019 10:28:44.698,-0.0047,-0.0046,-0.9870, 0.0034, 0.0084, 0.0166,-0.0042, 0.0022,-0.0107,-0.0062, 0.0134,-1.6063
17-Jan-2019 10:28:44.738,-0.0033,-0.0043,-0.9886, 0.0041, 0.0091, 0.0169,-0.0105,-0.0192,-0.0107,-0.0062, 0.0134,-1.6063
17-Jan-2019 10:28:44.778,-0.0040,-0.0056,-0.9843, 0.0003, 0.0080, 0.0080,-0.0168,-0.0277,-0.0097,-0.0063, 0.0134,-1.6062
17-Jan-2019 10:28:44.817,-0.0048,-0.0043,-0.9874, 0.0037, 0.0087, 0.0075,-0.0074,-0.0053,-0.0118,-0.0062, 0.0134,-1.6062
17-Jan-2019 10:28:44.857,-0.0053,-0.0038,-0.9911, 0.0027, 0.0096, 0.0127,-0.0042, 0.0000,-0.0117,-0.0062, 0.0134,-1.6062
17-Jan-2019 10:28:44.897,-0.0027,-0.0062,-0.9883, 0.0035, 0.0081, 0.0163,-0.0147,-0.0277,-0.0108,-0.0062, 0.0133,-1.6062
17-Jan-2019 10:28:44.937,-0.0028,-0.0047,-0.9830, 0.0010, 0.0090, 0.0101,-0.0157,-0.0256,-0.0118,-0.0062, 0.0133,-1.6061
17-Jan-2019 10:28:44.976,-0.0043,-0.0032,-0.9836, 0.0030, 0.0083, 0.0117,-0.0052,-0.0042,-0.0118,-0.0062, 0.0133,-1.6061
17-Jan-2019 10:28:45.016,-0.0018,-0.0048,-0.9878, 0.0038, 0.0078, 0.0168,-0.0063,-0.0042,-0.0118,-0.0062, 0.0133,-1.6061
17-Jan-2019 10:28:45.055,-0.0038,-0.0058,-0.9854, 0.0025, 0.0084, 0.0176,-0.0157,-0.0341,-0.0119,-0.0063, 0.0133,-1.6060
17-Jan-2019 10:28:45.095,-0.0032,-0.0057,-0.9841, 0.0005, 0.0072, 0.0130,-0.0126,-0.0234,-0.0118,-0.0063, 0.0133,-1.6060
17-Jan-2019 10:28:45.135,-0.0039,-0.0043,-0.9873, 0.0038, 0.0089, 0.0121,-0.0042,-0.0032,-0.0117,-0.0063, 0.0134,-1.6060
17-Jan-2019 10:28:45.174,-0.0030,-0.0064,-0.9912, 0.0043, 0.0075, 0.0149,-0.0074,-0.0074,-0.0086,-0.0063, 0.0134,-1.6059
17-Jan-2019 10:28:45.214,-0.0045,-0.0051,-0.9878, 0.0005, 0.0098, 0.0131,-0.0136,-0.0298,-0.0097,-0.0064, 0.0134,-1.6059
17-Jan-2019 10:28:45.254,-0.0040,-0.0057,-0.9838, 0.0025, 0.0053, 0.0087,-0.0105,-0.0192,-0.0107,-0.0064, 0.0134,-1.6059
17-Jan-2019 10:28:45.294,-0.0034,-0.0046,-0.9849, 0.0048, 0.0080, 0.0099,-0.0042, 0.0054,-0.0107,-0.0063, 0.0134,-1.6058
17-Jan-2019 10:28:45.334,-0.0036,-0.0032,-0.9893, 0.0036, 0.0089, 0.0160,-0.0095,-0.0096,-0.0097,-0.0064, 0.0134,-1.6058
17-Jan-2019 10:28:45.373,-0.0030,-0.0051,-0.9869, 0.0022, 0.0089, 0.0138,-0.0146,-0.0298,-0.0097,-0.0064, 0.0134,-1.6058
17-Jan-2019 10:28:45.413,-0.0022,-0.0044,-0.9839, 0.0029, 0.0081, 0.0116,-0.0094,-0.0149,-0.0118,-0.0064, 0.0134,-1.6057
17-Jan-2019 10:28:45.452,-0.0038,-0.0081,-0.9869, 0.0032, 0.0072, 0.0126,-0.0021, 0.0022,-0.0107,-0.0064, 0.0134,-1.6057
17-Jan-2019 10:28:45.493,-0.0033,-0.0055,-0.9891, 0.0029, 0.0093, 0.0147,-0.0115,-0.0149,-0.0107,-0.0064, 0.0134,-1.6057
17-Jan-2019 10:28:45.532,-0.0028,-0.0061,-0.9845, 0.0021, 0.0095, 0.0132,-0.0125,-0.0256,-0.0108,-0.0065, 0.0134,-1.6057
17-Jan-2019 10:28:45.573,-0.0049,-0.0053,-0.9819, 0.0042, 0.0077, 0.0117,-0.0084,-0.0096,-0.0128,-0.0065, 0.0134,-1.6056
17-Jan-2019 10:28:45.612,-0.0057,-0.0044,-0.9890, 0.0036, 0.0072, 0.0126,-0.0032, 0.0043,-0.0117,-0.0065, 0.0134,-1.6056
17-Jan-2019 10:28:45.652,-0.0018,-0.0057,-0.9897, 0.0021, 0.0093, 0.0149,-0.0126,-0.0181,-0.0129,-0.0065, 0.0134,-1.6056
17-Jan-2019 10:28:45.691,-0.0041,-0.0055,-0.9892, 0.0001, 0.0080, 0.0135,-0.0157,-0.0309,-0.0119,-0.0066, 0.0134,-1.6056
17-Jan-2019 10:28:45.730,-0.0033,-0.0040,-0.9833, 0.0033, 0.0097, 0.0088,-0.0084,-0.0106,-0.0118,-0.0065, 0.0134,-1.6056
17-Jan-2019 10:28:45.770,-0.0050,-0.0050,-0.9868, 0.0048, 0.0065, 0.0140,-0.0042,-0.0010,-0.0117,-0.0065, 0.0134,-1.6056
17-Jan-2019 10:28:45.810,-0.0047,-0.0038,-0.9886, 0.0020, 0.0093, 0.0159,-0.0115,-0.0149,-0.0118,-0.0066, 0.0134,-1.6056
17-Jan-2019 10:28:45.850,-0.0032,-0.0053,-0.9847, 0.0019, 0.0111, 0.0151,-0.0178,-0.0362,-0.0119,-0.0066, 0.0134,-1.6056
17-Jan-2019 10:28:45.890,-0.0045,-0.0039,-0.9840, 0.0013, 0.0081, 0.0131,-0.0084,-0.0128,-0.0107,-0.0066, 0.0134,-1.6055
17-Jan-2019 10:28:45.930,-0.0030,-0.0049,-0.9872, 0.0035, 0.0088, 0.0130,-0.0032, 0.0054,-0.0128,-0.0065, 0.0134,-1.6055
17-Jan-2019 10:28:45.970,-0.0051,-0.0052,-0.9906, 0.0032, 0.0074, 0.0161,-0.0126,-0.0234,-0.0118,-0.0066, 0.0134,-1.6055
17-Jan-2019 10:28:46.009,-0.0030,-0.0039,-0.9842, 0.0026, 0.0093, 0.0091,-0.0136,-0.0245,-0.0118,-0.0066, 0.0134,-1.6055
17-Jan-2019 10:28:46.049,-0.0054,-0.0047,-0.9856, 0.0051, 0.0084, 0.0110,-0.0073,-0.0085,-0.0128,-0.0066, 0.0134,-1.6055
17-Jan-2019 10:28:46.089,-0.0037,-0.0044,-0.9859, 0.0041, 0.0085, 0.0121,-0.0053, 0.0032,-0.0117,-0.0066, 0.0134,-1.6055
17-Jan-2019 10:28:46.128,-0.0044,-0.0037,-0.9901, 0.0014, 0.0093, 0.0163,-0.0146,-0.0298,-0.0129,-0.0066, 0.0134,-1.6055
17-Jan-2019 10:28:46.168,-0.0028,-0.0043,-0.9843, 0.0022, 0.0070, 0.0117,-0.0125,-0.0245,-0.0118,-0.0067, 0.0133,-1.6055
17-Jan-2019 10:28:46.208,-0.0055,-0.0050,-0.9843, 0.0036, 0.0076, 0.0114,-0.0084,-0.0042,-0.0118,-0.0067, 0.0133,-1.6055
17-Jan-2019 10:28:46.248,-0.0033,-0.0045,-0.9501, 0.0041, 0.0081, 0.0293,-0.0074,-0.0010,-0.0118,-0.0067, 0.0132,-1.6055
17-Jan-2019 10:28:46.287,-0.0034,-0.0063,-0.9354, 0.0017, 0.0085, 0.0648,-0.0157,-0.0277,-0.0118,-0.0068, 0.0132,-1.6055
17-Jan-2019 10:28:46.327,-0.0043,-0.0053,-0.9247, 0.0021, 0.0093, 0.0734,-0.0147,-0.0224,-0.0108,-0.0068, 0.0131,-1.6055
17-Jan-2019 10:28:46.366,-0.0041,-0.0045,-0.9332, 0.0043, 0.0076, 0.0686,-0.0053,-0.0021,-0.0107,-0.0067, 0.0131,-1.6055
17-Jan-2019 10:28:46.407,-0.0046,-0.0035,-0.9469, 0.0037, 0.0093, 0.0564,-0.0084,-0.0042,-0.0107,-0.0067, 0.0132,-1.6055
17-Jan-2019 10:28:46.446,-0.0028,-0.0059,-0.9639, 0.0023, 0.0086, 0.0398,-0.0126,-0.0234,-0.0108,-0.0068, 0.0132,-1.6055
17-Jan-2019 10:28:46.486,-0.0043,-0.0064,-0.9690, 0.0031, 0.0064, 0.0294,-0.0126,-0.0192,-0.0129,-0.0067, 0.0132,-1.6055
17-Jan-2019 10:28:46.525,-0.0038,-0.0022,-0.9698, 0.0026, 0.0080, 0.0283,-0.0032, 0.0043,-0.0117,-0.0067, 0.0133,-1.6055
17-Jan-2019 10:28:46.565,-0.0024,-0.0047,-0.9602, 0.0005, 0.0075, 0.0424,-0.0083,-0.0159,-0.0129,-0.0068, 0.0132,-1.6055
17-Jan-2019 10:28:46.605,-0.0029,-0.0051,-0.9409, 0.0023, 0.0072, 0.0623,-0.0178,-0.0384,-0.0119,-0.0069, 0.0132,-1.6055
17-Jan-2019 10:28:46.645,-0.0049,-0.0044,-0.9179, 0.0027, 0.0088, 0.0775,-0.0126,-0.0192,-0.0108,-0.0069, 0.0132,-1.6055
17-Jan-2019 10:28:46.685,-0.0030,-0.0036,-0.9055, 0.0039, 0.0083, 0.0879,-0.0053, 0.0011,-0.0117,-0.0069, 0.0131,-1.6055
17-Jan-2019 10:28:46.725,-0.0029,-0.0061,-0.9028, 0.0035, 0.0071, 0.0998,-0.0105,-0.0170,-0.0129,-0.0069, 0.0131,-1.6055
17-Jan-2019 10:28:46.764,-0.0043,-0.0051,-0.9063, 0.0025, 0.0093, 0.0982,-0.0115,-0.0255,-0.0129,-0.0069, 0.0131,-1.6055
17-Jan-2019 10:28:46.803,-0.0054,-0.0052,-0.9108, 0.0036, 0.0088, 0.0901,-0.0063,-0.0096,-0.0118,-0.0068, 0.0132,-1.6055
17-Jan-2019 10:28:46.843,-0.0036,-0.0045,-0.9198, 0.0029, 0.0087, 0.0787,-0.0063,-0.0032,-0.0128,-0.0068, 0.0132,-1.6055
17-Jan-2019 10:28:46.883,-0.0023,-0.0047,-0.9282, 0.0026, 0.0097, 0.0701,-0.0094,-0.0128,-0.0118,-0.0068, 0.0132,-1.6055
17-Jan-2019 10:28:46.923,-0.0058,-0.0027,-0.9345, 0.0027, 0.0098, 0.0669,-0.0073,-0.0117,-0.0118,-0.0068, 0.0132,-1.6055
17-Jan-2019 10:28:46.963,-0.0035,-0.0041,-0.9362, 0.0028, 0.0089, 0.0665,-0.0105,-0.0149,-0.0129,-0.0068, 0.0133,-1.6055
17-Jan-2019 10:28:47.002,-0.0040,-0.0037,-0.9337, 0.0031, 0.0080, 0.0670,-0.0136,-0.0224,-0.0129,-0.0069, 0.0133,-1.6055
17-Jan-2019 10:28:47.042,-0.0045,-0.0043,-0.9267, 0.0009, 0.0104, 0.0674,-0.0116,-0.0128,-0.0118,-0.0069, 0.0133,-1.6055
17-Jan-2019 10:28:47.082,-0.0016,-0.0045,-0.9247, 0.0048, 0.0080, 0.0730,-0.0084,-0.0096,-0.0118,-0.0068, 0.0133,-1.6055
17-Jan-2019 10:28:47.122,-0.0043,-0.0056,-0.9213, 0.0039, 0.0079, 0.0786,-0.0105,-0.0160,-0.0129,-0.0069, 0.0133,-1.6056
17-Jan-2019 10:28:47.161,-0.0022,-0.0054,-0.9238, 0.0025, 0.0085, 0.0763,-0.0105,-0.0170,-0.0118,-0.0068, 0.0132,-1.6055
17-Jan-2019 10:28:47.201,-0.0046,-0.0051,-0.9267, 0.0051, 0.0090, 0.0778,-0.0094,-0.0117,-0.0118,-0.0068, 0.0133,-1.6055
17-Jan-2019 10:28:47.241,-0.0038,-0.0038,-0.9283, 0.0014, 0.0089, 0.0760,-0.0115,-0.0181,-0.0118,-0.0068, 0.0132,-1.6055
17-Jan-2019 10:28:47.281,-0.0036,-0.0043,-0.9274, 0.0029, 0.0100, 0.0715,-0.0105,-0.0160,-0.0118,-0.0068, 0.0133,-1.6055
17-Jan-2019 10:28:47.320,-0.0051,-0.0030,-0.9314, 0.0008, 0.0088, 0.0658,-0.0084,-0.0074,-0.0118,-0.0068, 0.0133,-1.6055
17-Jan-2019 10:28:47.360,-0.0040,-0.0057,-0.9372, 0.0034, 0.0078, 0.0650,-0.0105,-0.0117,-0.0139,-0.0068, 0.0133,-1.6055
17-Jan-2019 10:28:47.400,-0.0046,-0.0049,-0.9400, 0.0032, 0.0082, 0.0608,-0.0115,-0.0192,-0.0118,-0.0069, 0.0133,-1.6056
17-Jan-2019 10:28:47.439,-0.0025,-0.0053,-0.9470, 0.0026, 0.0100, 0.0567,-0.0105,-0.0128,-0.0129,-0.0068, 0.0133,-1.6056
17-Jan-2019 10:28:47.479,-0.0060,-0.0043,-0.9521, 0.0051, 0.0080, 0.0491,-0.0084,-0.0096,-0.0118,-0.0068, 0.0133,-1.6056
17-Jan-2019 10:28:47.519,-0.0010,-0.0057,-0.9532, 0.0041, 0.0090, 0.0476,-0.0105,-0.0160,-0.0118,-0.0069, 0.0133,-1.6056
17-Jan-2019 10:28:47.559,-0.0037,-0.0040,-0.9589, 0.0021, 0.0086, 0.0425,-0.0105,-0.0160,-0.0107,-0.0068, 0.0133,-1.6056
17-Jan-2019 10:28:47.599,-0.0038,-0.0028,-0.9658, 0.0012, 0.0097, 0.0341,-0.0063,-0.0085,-0.0107,-0.0068, 0.0133,-1.6056
17-Jan-2019 10:28:47.638,-0.0050,-0.0073,-0.9783, 0.0016, 0.0064, 0.0282,-0.0105,-0.0160,-0.0097,-0.0068, 0.0133,-1.6056
17-Jan-2019 10:28:47.678,-0.0040,-0.0053,-0.9817, 0.0035, 0.0072, 0.0206,-0.0105,-0.0181,-0.0118,-0.0068, 0.0133,-1.6056
17-Jan-2019 10:28:47.717,-0.0049,-0.0047,-0.9863, 0.0013, 0.0096, 0.0137,-0.0105,-0.0117,-0.0118,-0.0068, 0.0133,-1.6056
17-Jan-2019 10:28:47.758,-0.0054,-0.0046,-0.9941, 0.0034, 0.0080, 0.0096,-0.0084,-0.0117,-0.0107,-0.0068, 0.0133,-1.6056
17-Jan-2019 10:28:47.797,-0.0029,-0.0057,-0.9935, 0.0029, 0.0087, 0.0100,-0.0105,-0.0170,-0.0118,-0.0068, 0.0133,-1.6056
17-Jan-2019 10:28:47.837,-0.0035,-0.0037,-0.9900, 0.0031, 0.0097, 0.0042,-0.0094,-0.0149,-0.0129,-0.0067, 0.0133,-1.6056
17-Jan-2019 10:28:47.877,-0.0036,-0.0051,-0.9897, 0.0011, 0.0081, 0.0067,-0.0084,-0.0117,-0.0118,-0.0067, 0.0133,-1.6056
17-Jan-2019 10:28:47.916,-0.0026,-0.0043,-0.9891, 0.0037, 0.0083, 0.0107,-0.0105,-0.0160,-0.0118,-0.0068, 0.0133,-1.6056
17-Jan-2019 10:28:47.956,-0.0050,-0.0055,-0.9862, 0.0025, 0.0082, 0.0124,-0.0104,-0.0202,-0.0118,-0.0068, 0.0133,-1.6056
17-Jan-2019 10:28:47.996,-0.0029,-0.0056,-0.9832, 0.0022, 0.0060, 0.0149,-0.0094,-0.0117,-0.0139,-0.0067, 0.0132,-1.6056
17-Jan-2019 10:28:48.036,-0.0050,-0.0047,-0.9859, 0.0040, 0.0091, 0.0160,-0.0084,-0.0117,-0.0128,-0.0067, 0.0132,-1.6056
17-Jan-2019 10:28:48.075,-0.0058,-0.0060,-0.9860, 0.0030, 0.0089, 0.0142,-0.0105,-0.0149,-0.0118,-0.0067, 0.0132,-1.6056
17-Jan-2019 10:28:48.115,-0.0032,-0.0042,-0.9823, 0.0016, 0.0090, 0.0127,-0.0084,-0.0138,-0.0118,-0.0067, 0.0132,-1.6056
17-Jan-2019 10:28:48.154,-0.0061,-0.0053,-0.9854, 0.0016, 0.0076, 0.0119,-0.0084,-0.0085,-0.0118,-0.0067, 0.0132,-1.6056
17-Jan-2019 10:28:48.194,-0.0048,-0.0036,-0.9900, 0.0033, 0.0094, 0.0119,-0.0115,-0.0170,-0.0118,-0.0067, 0.0132,-1.6056
17-Jan-2019 10:28:48.234,-0.0059,-0.0055,-0.9881, 0.0019, 0.0077, 0.0135,-0.0115,-0.0181,-0.0118,-0.0067, 0.0132,-1.6056
17-Jan-2019 10:28:48.274,-0.0028,-0.0046,-0.9865, 0.0021, 0.0079, 0.0111,-0.0094,-0.0117,-0.0107,-0.0067, 0.0132,-1.6056
17-Jan-2019 10:28:48.314,-0.0049,-0.0056,-0.9895, 0.0030, 0.0084, 0.0125,-0.0084,-0.0127,-0.0128,-0.0067, 0.0132,-1.6056
17-Jan-2019 10:28:48.353,-0.0016,-0.0049,-0.9871, 0.0028, 0.0081, 0.0155,-0.0115,-0.0192,-0.0118,-0.0067, 0.0132,-1.6057
17-Jan-2019 10:28:48.393,-0.0037,-0.0067,-0.9837, 0.0015, 0.0090, 0.0162,-0.0105,-0.0170,-0.0129,-0.0067, 0.0132,-1.6057
17-Jan-2019 10:28:48.432,-0.0049,-0.0048,-0.9834, 0.0030, 0.0076, 0.0158,-0.0095,-0.0096,-0.0118,-0.0067, 0.0132,-1.6057
17-Jan-2019 10:28:48.472,-0.0041,-0.0039,-0.9848, 0.0032, 0.0085, 0.0180,-0.0115,-0.0160,-0.0118,-0.0067, 0.0132,-1.6057
17-Jan-2019 10:28:48.512,-0.0042,-0.0044,-0.9853, 0.0028, 0.0086, 0.0162,-0.0105,-0.0181,-0.0107,-0.0067, 0.0131,-1.6057
17-Jan-2019 10:28:48.552,-0.0048,-0.0045,-0.9856, 0.0009, 0.0072, 0.0115,-0.0084,-0.0085,-0.0107,-0.0067, 0.0131,-1.6057
17-Jan-2019 10:28:48.592,-0.0040,-0.0049,-0.9892, 0.0030, 0.0081, 0.0125,-0.0084,-0.0127,-0.0128,-0.0067, 0.0131,-1.6057
17-Jan-2019 10:28:48.632,-0.0048,-0.0046,-0.9880, 0.0017, 0.0071, 0.0118,-0.0137,-0.0170,-0.0118,-0.0067, 0.0131,-1.6057
17-Jan-2019 10:28:48.671,-0.0044,-0.0057,-0.9868, 0.0017, 0.0079, 0.0112,-0.0116,-0.0138,-0.0118,-0.0067, 0.0130,-1.6057
17-Jan-2019 10:28:48.711,-0.0055,-0.0041,-0.9878, 0.0029, 0.0084, 0.0122,-0.0084,-0.0096,-0.0128,-0.0067, 0.0131,-1.6057
17-Jan-2019 10:28:48.751,-0.0044,-0.0052,-0.9908, 0.0017, 0.0083, 0.0140,-0.0105,-0.0149,-0.0118,-0.0067, 0.0130,-1.6058
17-Jan-2019 10:28:48.791,-0.0012,-0.0043,-0.9870, 0.0046, 0.0085, 0.0139,-0.0126,-0.0192,-0.0129,-0.0067, 0.0130,-1.6058
17-Jan-2019 10:28:48.831,-0.0029,-0.0052,-0.9857, 0.0038, 0.0078, 0.0127,-0.0105,-0.0106,-0.0107,-0.0067, 0.0130,-1.6058
17-Jan-2019 10:28:48.870,-0.0058,-0.0041,-0.9850, 0.0019, 0.0083, 0.0143,-0.0084,-0.0127,-0.0128,-0.0067, 0.0130,-1.6057
17-Jan-2019 10:28:48.910,-0.0043,-0.0047,-0.9865, 0.0028, 0.0084, 0.0179,-0.0115,-0.0192,-0.0118,-0.0067, 0.0130,-1.6057
17-Jan-2019 10:28:48.949,-0.0041,-0.0054,-0.9851, 0.0022, 0.0077, 0.0138,-0.0094,-0.0159,-0.0129,-0.0067, 0.0130,-1.6057
17-Jan-2019 10:28:48.990,-0.0049,-0.0041,-0.9853, 0.0030, 0.0089, 0.0134,-0.0084,-0.0096,-0.0107,-0.0067, 0.0130,-1.6057
17-Jan-2019 10:28:49.030,-0.0042,-0.0044,-0.9872, 0.0022, 0.0090, 0.0153,-0.0105,-0.0160,-0.0118,-0.0067, 0.0130,-1.6057
17-Jan-2019 10:28:49.069,-0.0050,-0.0048,-0.9857, 0.0021, 0.0080, 0.0133,-0.0094,-0.0181,-0.0129,-0.0067, 0.0129,-1.6057
17-Jan-2019 10:28:49.109,-0.0053,-0.0058,-0.9855, 0.0015, 0.0078, 0.0111,-0.0073,-0.0106,-0.0118,-0.0068, 0.0129,-1.6057
17-Jan-2019 10:28:49.148,-0.0038,-0.0048,-0.9895, 0.0035, 0.0076, 0.0132,-0.0084,-0.0127,-0.0128,-0.0068, 0.0130,-1.6058
17-Jan-2019 10:28:49.189,-0.0052,-0.0051,-0.9885, 0.0022, 0.0078, 0.0127,-0.0137,-0.0181,-0.0108,-0.0068, 0.0129,-1.6058
17-Jan-2019 10:28:49.228,-0.0036,-0.0056,-0.9872, 0.0016, 0.0067, 0.0124,-0.0105,-0.0149,-0.0129,-0.0068, 0.0129,-1.6058
17-Jan-2019 10:28:49.268,-0.0046,-0.0042,-0.9866, 0.0031, 0.0084, 0.0120,-0.0094,-0.0096,-0.0128,-0.0068, 0.0129,-1.6058
17-Jan-2019 10:28:49.308,-0.0040,-0.0061,-0.9883, 0.0022, 0.0075, 0.0152,-0.0105,-0.0170,-0.0129,-0.0068, 0.0129,-1.6058
17-Jan-2019 10:28:49.347,-0.0047,-0.0045,-0.9859, 0.0014, 0.0076, 0.0131,-0.0115,-0.0170,-0.0129,-0.0068, 0.0129,-1.6058
17-Jan-2019 10:28:49.386,-0.0051,-0.0045,-0.9837, 0.0019, 0.0087, 0.0135,-0.0105,-0.0096,-0.0118,-0.0067, 0.0129,-1.6058
17-Jan-2019 10:28:49.427,-0.0037,-0.0054,-0.9883, 0.0036, 0.0072, 0.0141,-0.0094,-0.0117,-0.0107,-0.0067, 0.0128,-1.6058
17-Jan-2019 10:28:49.465,-0.0047,-0.0047,-0.9873, 0.0024, 0.0084, 0.0155,-0.0104,-0.0191,-0.0129,-0.0067, 0.0128,-1.6058
17-Jan-2019 10:28:49.505,-0.0026,-0.0049,-0.9845, 0.0019, 0.0074, 0.0120,-0.0105,-0.0128,-0.0129,-0.0067, 0.0128,-1.6058
17-Jan-2019 10:28:49.546,-0.0068,-0.0049,-0.9916, 0.0002, 0.0071, 0.0091,-0.0095,-0.0096,-0.0118,-0.0067, 0.0128,-1.6058
17-Jan-2019 10:28:49.585,-0.0028,-0.0045,-0.9876,-0.0034, 0.0092, 0.0085, 0.0098,-0.0211,-0.0149,-0.0066, 0.0128,-1.6058
17-Jan-2019 10:28:49.625,-0.0046,-0.0055,-0.9794, 0.0101, 0.0071, 0.0074,-0.0180,-0.0022,-0.0097,-0.0065, 0.0128,-1.6058
17-Jan-2019 10:28:49.665,-0.0041,-0.0043,-0.9852,-0.0011, 0.0075, 0.0163,-0.0105,-0.0117,-0.0107,-0.0066, 0.0128,-1.6058
17-Jan-2019 10:28:49.705,-0.0058,-0.0029,-0.9904, 0.0026, 0.0089, 0.0102,-0.0126,-0.0106,-0.0139,-0.0066, 0.0128,-1.6058
17-Jan-2019 10:28:49.744,-0.0019,-0.0044,-0.9873, 0.0031, 0.0062, 0.0107,-0.0094,-0.0138,-0.0129,-0.0066, 0.0128,-1.6058
17-Jan-2019 10:28:49.784,-0.0045,-0.0054,-0.9834, 0.0020, 0.0081, 0.0131,-0.0137,-0.0170,-0.0129,-0.0066, 0.0128,-1.6059
17-Jan-2019 10:28:49.823,-0.0037,-0.0049,-0.9839, 0.0023, 0.0077, 0.0143,-0.0105,-0.0106,-0.0118,-0.0066, 0.0128,-1.6059
17-Jan-2019 10:28:49.863,-0.0056,-0.0046,-0.9859, 0.0022, 0.0087, 0.0173,-0.0115,-0.0160,-0.0118,-0.0066, 0.0127,-1.6059
17-Jan-2019 10:28:49.903,-0.0029,-0.0055,-0.9864, 0.0032, 0.0090, 0.0135,-0.0115,-0.0160,-0.0118,-0.0066, 0.0127,-1.6059
17-Jan-2019 10:28:49.943,-0.0063,-0.0051,-0.9858, 0.0015, 0.0083, 0.0109,-0.0073,-0.0106,-0.0096,-0.0066, 0.0127,-1.6059
17-Jan-2019 10:28:49.983,-0.0026,-0.0047,-0.9878, 0.0032, 0.0094, 0.0143,-0.0105,-0.0149,-0.0129,-0.0066, 0.0127,-1.6059
17-Jan-2019 10:28:50.022,-0.0042,-0.0058,-0.9894, 0.0023, 0.0073, 0.0155,-0.0115,-0.0192,-0.0118,-0.0066, 0.0127,-1.6059
17-Jan-2019 10:28:50.062,-0.0050,-0.0064,-0.9651, 0.0005, 0.0069, 0.0217,-0.0116,-0.0128,-0.0107,-0.0066, 0.0127,-1.6059
17-Jan-2019 10:28:50.102,-0.0047,-0.0035,-0.9353, 0.0023, 0.0089, 0.0555,-0.0116,-0.0117,-0.0118,-0.0066, 0.0126,-1.6059
17-Jan-2019 10:28:50.142,-0.0052,-0.0047,-0.9135, 0.0033, 0.0076, 0.0830,-0.0115,-0.0149,-0.0118,-0.0067, 0.0126,-1.6059
17-Jan-2019 10:28:50.181,-0.0023,-0.0048,-0.9108, 0.0037, 0.0075, 0.0898,-0.0105,-0.0149,-0.0118,-0.0067, 0.0126,-1.6059
17-Jan-2019 10:28:50.221,-0.0036,-0.0047,-0.9202, 0.0021, 0.0071, 0.0827,-0.0084,-0.0117,-0.0118,-0.0067, 0.0126,-1.6059
17-Jan-2019 10:28:50.260,-0.0061,-0.0035,-0.9720, 0.0022, 0.0105, 0.0041,-0.0084,-0.0042,-0.0107,-0.0066, 0.0126,-1.6059
17-Jan-2019 10:28:50.300,-0.0036,-0.0050,-0.9810, 0.0032, 0.0006, 0.0145,-0.0083,-0.0159,-0.0118,-0.0066, 0.0126,-1.6059
17-Jan-2019 10:28:50.342,-0.0071,-0.0090,-0.9840,-0.0000, 0.0083, 0.0125,-0.0126,-0.0181,-0.0118,-0.0066, 0.0126,-1.6059
17-Jan-2019 10:28:50.379,-0.0038,-0.0018,-0.9915, 0.0037, 0.0051, 0.0098,-0.0094,-0.0149,-0.0118,-0.0066, 0.0126,-1.6059
17-Jan-2019 10:28:50.420,-0.0052,-0.0109,-0.9968, 0.0021, 0.0052, 0.0004,-0.0116,-0.0106,-0.0118,-0.0066, 0.0126,-1.6059
17-Jan-2019 10:28:50.459,-0.0049,-0.0053,-0.9799, 0.0027, 0.0079, 0.0067,-0.0094,-0.0128,-0.0107,-0.0066, 0.0126,-1.6059
17-Jan-2019 10:28:50.499,-0.0049,-0.0057,-0.9883, 0.0025, 0.0086, 0.0116,-0.0094,-0.0128,-0.0118,-0.0066, 0.0126,-1.6059
17-Jan-2019 10:28:50.539,-0.0035,-0.0043,-0.9903, 0.0020, 0.0047, 0.0154,-0.0094,-0.0128,-0.0118,-0.0066, 0.0126,-1.6059
17-Jan-2019 10:28:50.578,-0.0038,-0.0046,-0.9892, 0.0005, 0.0071, 0.0128,-0.0126,-0.0224,-0.0118,-0.0066, 0.0126,-1.6059
17-Jan-2019 10:28:50.618,-0.0057,-0.0067,-0.9858, 0.0014, 0.0046, 0.0111,-0.0094,-0.0149,-0.0118,-0.0066, 0.0126,-1.6059
17-Jan-2019 10:28:50.658,-0.0035,-0.0029,-0.9872, 0.0030, 0.0064, 0.0135,-0.0105,-0.0106,-0.0107,-0.0066, 0.0126,-1.6059
17-Jan-2019 10:28:50.697,-0.0038,-0.0063,-0.9911, 0.0030, 0.0051, 0.0136,-0.0105,-0.0181,-0.0107,-0.0066, 0.0125,-1.6059
17-Jan-2019 10:28:50.737,-0.0043,-0.0054,-0.9871, 0.0015, 0.0062, 0.0134,-0.0105,-0.0149,-0.0118,-0.0066, 0.0125,-1.6059
17-Jan-2019 10:28:50.777,-0.0028,-0.0055,-0.9865, 0.0009, 0.0084, 0.0145,-0.0105,-0.0128,-0.0118,-0.0065, 0.0125,-1.6059
17-Jan-2019 10:28:50.817,-0.0049,-0.0044,-0.9871, 0.0026, 0.0082, 0.0139,-0.0116,-0.0138,-0.0118,-0.0065, 0.0125,-1.6059
17-Jan-2019 10:28:50.857,-0.0049,-0.0044,-0.9860, 0.0016, 0.0077, 0.0138,-0.0094,-0.0160,-0.0118,-0.0066, 0.0125,-1.6059
17-Jan-2019 10:28:50.896,-0.0027,-0.0022,-0.9861, 0.0029, 0.0075, 0.0122,-0.0094,-0.0149,-0.0118,-0.0065, 0.0125,-1.6059
17-Jan-2019 10:28:50.936,-0.0053,-0.0048,-0.9865, 0.0011, 0.0058, 0.0126,-0.0084,-0.0138,-0.0118,-0.0065, 0.0125,-1.6059
17-Jan-2019 10:28:50.975,-0.0018,-0.0036,-0.9862, 0.0033, 0.0061, 0.0125,-0.0105,-0.0117,-0.0129,-0.0065, 0.0124,-1.6059
17-Jan-2019 10:28:51.016,-0.0050,-0.0058,-0.9852, 0.0009, 0.0071, 0.0133,-0.0063,-0.0053,-0.0118,-0.0065, 0.0124,-1.6059
17-Jan-2019 10:28:51.055,-0.0081,-0.0026,-0.9769, 0.0085, 0.0050,-0.0010,-0.0032, 0.0150,-0.0138,-0.0064, 0.0125,-1.6059
17-Jan-2019 10:28:51.095,-0.0033,-0.0043,-0.9852, 0.0031, 0.0071, 0.0116,-0.0084,-0.0096,-0.0118,-0.0064, 0.0125,-1.6059
17-Jan-2019 10:28:51.135,-0.0038,-0.0044,-0.9866, 0.0028, 0.0076, 0.0123,-0.0094,-0.0170,-0.0129,-0.0064, 0.0125,-1.6059
17-Jan-2019 10:28:51.174,-0.0034,-0.0047,-0.9862, 0.0025, 0.0070, 0.0138,-0.0094,-0.0160,-0.0118,-0.0064, 0.0125,-1.6059
17-Jan-2019 10:28:51.214,-0.0037,-0.0038,-0.9839, 0.0014, 0.0072, 0.0138,-0.0084,-0.0127,-0.0128,-0.0064, 0.0125,-1.6059
17-Jan-2019 10:28:51.254,-0.0057,-0.0041,-0.9861, 0.0017, 0.0060, 0.0120,-0.0094,-0.0159,-0.0129,-0.0065, 0.0125,-1.6059
17-Jan-2019 10:28:51.294,-0.0038,-0.0049,-0.9863, 0.0015, 0.0064, 0.0131,-0.0115,-0.0149,-0.0129,-0.0066, 0.0124,-1.6059
17-Jan-2019 10:28:51.333,-0.0051,-0.0057,-0.9858, 0.0030, 0.0074, 0.0132,-0.0084,-0.0138,-0.0118,-0.0065, 0.0124,-1.6060
17-Jan-2019 10:28:51.372,-0.0049,-0.0054,-0.9867, 0.0033, 0.0070, 0.0134,-0.0105,-0.0138,-0.0118,-0.0065, 0.0124,-1.6060
17-Jan-2019 10:28:51.412,-0.0044,-0.0047,-0.9866, 0.0018, 0.0087, 0.0130,-0.0105,-0.0138,-0.0118,-0.0065, 0.0124,-1.6060
17-Jan-2019 10:28:51.452,-0.0031,-0.0045,-0.9845, 0.0045, 0.0058, 0.0122,-0.0105,-0.0128,-0.0129,-0.0066, 0.0124,-1.6060
17-Jan-2019 10:28:51.492,-0.0069,-0.0035,-0.9875, 0.0006, 0.0071, 0.0146,-0.0094,-0.0106,-0.0128,-0.0065, 0.0124,-1.6060
17-Jan-2019 10:28:51.532,-0.0034,-0.0052,-0.9891, 0.0028, 0.0067, 0.0168,-0.0126,-0.0192,-0.0139,-0.0066, 0.0124,-1.6060
17-Jan-2019 10:28:51.572,-0.0085,-0.0006,-0.9877,-0.0015, 0.0100, 0.0137,-0.0073,-0.0127,-0.0118,-0.0066, 0.0124,-1.6060
17-Jan-2019 10:28:51.611,-0.0056,-0.0080,-0.9812, 0.0074, 0.0068, 0.0128,-0.0105,-0.0149,-0.0129,-0.0065, 0.0123,-1.6061
17-Jan-2019 10:28:51.651,-0.0006,-0.0038,-0.9856,-0.0025, 0.0080, 0.0129,-0.0115,-0.0181,-0.0107,-0.0066, 0.0123,-1.6061
17-Jan-2019 10:28:51.691,-0.0031,-0.0067,-0.9884, 0.0032, 0.0113, 0.0116,-0.0115,-0.0149,-0.0129,-0.0066, 0.0123,-1.6061
17-Jan-2019 10:28:51.731,-0.0039,-0.0036,-0.9853, 0.0014, 0.0053, 0.0110,-0.0094,-0.0149,-0.0129,-0.0065, 0.0123,-1.6061
17-Jan-2019 10:28:51.770,-0.0027,-0.0032,-0.9880, 0.0027, 0.0099, 0.0150,-0.0084,-0.0138,-0.0129,-0.0065, 0.0123,-1.6061
17-Jan-2019 10:28:51.811,-0.0011,-0.0071,-0.9874, 0.0020, 0.0041, 0.0086,-0.0073,-0.0149,-0.0118,-0.0065, 0.0123,-1.6061
17-Jan-2019 10:28:51.850,-0.0046,-0.0041,-0.9861, 0.0012, 0.0090, 0.0136,-0.0115,-0.0170,-0.0118,-0.0065, 0.0123,-1.6060
17-Jan-2019 10:28:51.890,-0.0014,-0.0046,-0.9904, 0.0014, 0.0059, 0.0132,-0.0126,-0.0192,-0.0118,-0.0066, 0.0123,-1.6060
17-Jan-2019 10:28:51.929,-0.0058,-0.0052,-0.9836, 0.0002, 0.0093, 0.0148,-0.0105,-0.0138,-0.0118,-0.0066, 0.0123,-1.6060
17-Jan-2019 10:28:51.969,-0.0051,-0.0081,-0.9888, 0.0069, 0.0068, 0.0161,-0.0084,-0.0117,-0.0118,-0.0066, 0.0123,-1.6060
17-Jan-2019 10:28:52.009,-0.0039,-0.0020,-0.9859, 0.0015, 0.0100, 0.0090,-0.0116,-0.0117,-0.0118,-0.0066, 0.0123,-1.6060
17-Jan-2019 10:28:52.049,-0.0080,-0.0048,-0.9912,-0.0005, 0.0081, 0.0179,-0.0115,-0.0149,-0.0129,-0.0066, 0.0123,-1.6061
17-Jan-2019 10:28:52.088,-0.0014,-0.0058,-0.9841, 0.0063, 0.0091, 0.0097,-0.0094,-0.0138,-0.0118,-0.0066, 0.0123,-1.6060
17-Jan-2019 10:28:52.128,-0.0048,-0.0035,-0.9849,-0.0013, 0.0045, 0.0142,-0.0073,-0.0159,-0.0107,-0.0066, 0.0123,-1.6060
17-Jan-2019 10:28:52.168,-0.0011,-0.0058,-0.9902, 0.0037, 0.0045, 0.0158,-0.0126,-0.0138,-0.0118,-0.0066, 0.0123,-1.6060
17-Jan-2019 10:28:52.208,-0.0050,-0.0063,-0.9848,-0.0002, 0.0080, 0.0120,-0.0084,-0.0138,-0.0107,-0.0066, 0.0123,-1.6060
17-Jan-2019 10:28:52.247,-0.0054,-0.0048,-0.9849, 0.0063, 0.0075, 0.0141,-0.0116,-0.0117,-0.0118,-0.0066, 0.0123,-1.6060
17-Jan-2019 10:28:52.287,-0.0040,-0.0047,-0.9894,-0.0010, 0.0073, 0.0146,-0.0105,-0.0160,-0.0118,-0.0066, 0.0122,-1.6060
17-Jan-2019 10:28:52.326,-0.0029,-0.0042,-0.9881, 0.0030, 0.0079, 0.0106,-0.0126,-0.0160,-0.0118,-0.0066, 0.0122,-1.6060
17-Jan-2019 10:28:52.366,-0.0045,-0.0047,-0.9855, 0.0020, 0.0093, 0.0125,-0.0052,-0.0149,-0.0118,-0.0066, 0.0122,-1.6060
17-Jan-2019 10:28:52.405,-0.0044,-0.0032,-1.0058, 0.0030, 0.0057, 0.0288,-0.0315,-0.0618,-0.0109,-0.0066, 0.0121,-1.6060
17-Jan-2019 10:28:52.445,-0.0038,-0.0021,-0.9876, 0.0050, 0.0075, 0.0119,-0.0095,-0.0085,-0.0118,-0.0066, 0.0121,-1.6060
17-Jan-2019 10:28:52.485,-0.0034,-0.0080,-0.9829,-0.0003, 0.0045, 0.0148,-0.0063, 0.0011,-0.0107,-0.0064, 0.0122,-1.6060
